url,image,name
,images/news/2268_1.jpg,""
fullnews.php?news=2268,,Черкаський державний бізнес-коледж успішно пройшов акредитацію!
,images/news/2266_1.jpg,""
fullnews.php?news=2266,,Конгрес місцевих та регіональних влад
,images/news/2267_1.jpg,""
fullnews.php?news=2267,,МАЙСТЕР-КЛАС ДЛЯ ДІТЕЙ ВПО! 
,images/news/2265_1.jpg,""
fullnews.php?news=2265,,ГУМАНІТАРНА ДОПОМОГА З БІЛЕФЕЛЬД! 
,images/news/2263_1.jpg,""
fullnews.php?news=2263,,НАВЧАЛЬНА ГРА ПРО КІБЕРБЕЗПЕКУ ТА ФІНАНСОВИЙ ЗАХИСТ У ВОЄННИЙ ЧАС! 
,images/news/2264_1.jpg,""
fullnews.php?news=2264,,СТУДЕНТИ Кафедра комп'ютерної інженерії та інформаційних технологій ЧДБК ЗНАЙОМИЛИСЯ З ОСОБЛИВОСТЯМИ РОБОТИ ПОДАТКОВОЇ СЛУЖБИ ОБЛАСТІ!
,images/news/2260_1.jpg,""
fullnews.php?news=2260,,СТУДЕНТИ ЧДБК РОЗВИВАЮТЬ СВІЙ ПОТЕНЦІАЛ У СФЕРІ КІБЕРБЕЗПЕКИ!
,images/news/2261_1.jpg,""
fullnews.php?news=2261,,ЗБІР НА РЕМОНТ АВТО ДЛЯ В/Ч А 4756
,images/news/2257_1.jpg,""
fullnews.php?news=2257,, І ТУР МІЖНАРОДНОЇ ЕКОНОМІЧНОЇ ОЛІМПІАДИ! 
,images/news/2258_1.jpg,""
fullnews.php?news=2258,,1 МІСЦЕ В ОБЛАСНОМУ ЕТАПІ КОНКУРСУ З УКРАЇНСЬКОЇ МОВИ ІМЕНІ ПЕТРА ЯЦИКА 
,images/news/2259_1.jpg,""
fullnews.php?news=2259,,ВІТАЄМО НАУКОВЦІВ ЧЕРКАСЬКОГО ДЕРЖАВНОГО БІЗНЕС-КОЛЕДЖУ!
,images/news/2256_1.jpg,""
fullnews.php?news=2256,,ВОЛОНТЕРСЬКА СПІВПРАЦЯ ДЛЯ ГРОМАДСЬКОГО РОЗВИТКУ
,images/news/2254_1.jpg,""
fullnews.php?news=2254,,1 МІСЦЕ  В ОБЛАСНОМУ ЕТАПІ  XIV  МОВНО-ЛІТЕРАТУРНОГО КОНКУРСУ ІМ. ТАРАСА ШЕВЧЕНКА 
,images/news/2255_1.jpg,""
fullnews.php?news=2255,,529 377 ГРН МІСЯЧНЙ СТИПЕНДІАЛЬНИЙ ФОНД!
,images/news/2253_1.jpg,""
fullnews.php?news=2253,,СТУДЕНТИ ЧДБК РОЗПОЧАЛИ НАВЧАННЯ ЗА ПРОГРАМОЮ #ERASMUS+ У ЛАТВІЇ 
,images/news/2249_1.jpg,""
fullnews.php?news=2249,,29 СІЧНЯ ПОЧАТОК ДРУГОГО НАВЧАЛЬНОГО СЕМЕСТРУ! 
,images/news/2252_1.jpg,""
fullnews.php?news=2252,,"ВСЕУКРАЇНСЬКА ВИСТАВКА ""МОЛОДІЖНА МИСТЕЦЬКА ПАЛІТРА"""
,images/news/2250_1.jpg,""
fullnews.php?news=2250,,ПІДСУМКИ ЗАСІДАННЯ МЕТОДИЧНОЇ РАДИ!
,images/news/2251_1.jpg,""
fullnews.php?news=2251,,Підготовка до вступної кампанії 2024!
,images/news/2247_1.jpg,""
fullnews.php?news=2247,,Наукова рада ЧДБК!
,images/news/2248_1.jpg,""
fullnews.php?news=2248,,практикa в ІТ-компанії EPAM Systems
,images/news/2246_1.jpg,""
fullnews.php?news=2246,,"Підписано угоду про академічну мобільність з університетом Тімішоара, Румунія"
,images/news/2245_1.jpg,""
fullnews.php?news=2245,,З ДНЕМ СОБОРНОСТІ УКРАЇНИ!
,images/news/2243_1.jpg,""
fullnews.php?news=2243,,ШЛЯХ ДО УСПІХУ: ДОСЯГНЕННЯ СТУДЕНТІВ ЧДБК В АРІЗОНІ ТА ЇХНІЙ ВНЕСОК У ПРИРОДОЗБЕРЕЖЕННЯ!
,images/news/2244_1.jpg,""
fullnews.php?news=2244,,Черкаський державний бізнес-коледж презентував нові міжнародні перспективи!
,images/news/2242_1.jpg,""
fullnews.php?news=2242,,"Щиро вітаємо з Днем народження т.в.о. директора,  професора Олега КУКЛІНА!"
,images/news/2241_1.jpg,""
fullnews.php?news=2241,,РОЗПОЧИНАЮТЬСЯ ПЕРЕЗДАЧІ АКАДЕМІЧНОЇ ЗАБОРГОВАНОСТІ! 
,images/news/2240_1.jpg,""
fullnews.php?news=2240,,ПРЕЗЕНТАЦІЯ ЗВІТУ ДИРЕКТОРА ЗА РЕЗУЛЬТАТАМИ РОБОТИ У 2023 РОЦІ
,images/news/2231_1.jpg,""
fullnews.php?news=2231,,ВІТАННЯ ДИРЕКТОРА З РІЗДВОМ ХРИСТОВИМ ТА НОВИМ РОКОМ
,images/news/2239_1.jpg,""
fullnews.php?news=2239,,Підписано меморандум про співпрацю З ТОВ «Аудит Консалтинг Центр»
,images/news/2237_1.jpg,""
fullnews.php?news=2237,,ВІТАЄМО КОЛЕГ ІЗ НАГОРОДЖЕННЯМ МІСЬКИМИ ВІДЗНАКАМИ
,images/news/2238_1.jpg,""
fullnews.php?news=2238,,"ЗВІТ ДИРЕКТОРА ЧЕРКАСЬКОГО ДЕРЖАВНОГО БІЗНЕС-КОЛЕДЖУ ПРОФЕСОРА, ДОКТОРА ЕКОНОМІЧНИХ НАУК КУКЛІНА ОЛЕГА ВОЛОДИМИРОВИЧА ЗА РЕЗУЛЬТАТАМИ РОБОТИ У 2023 РОЦІ"
,images/news/2234_1.jpg,""
fullnews.php?news=2234,,Волонтерство рятує життя
,images/news/2235_1.jpg,""
fullnews.php?news=2235,,288 студентів отримали стипендії на ІІ семестр!
,images/news/2236_1.jpg,""
fullnews.php?news=2236,,Засідання Вченої ради!
,images/news/2232_1.jpg,""
fullnews.php?news=2232,,УСПІШНЕ ЗАВЕРШЕННЯ ПРОЕКТУ I LIVING LABS
,images/news/2233_1.jpg,""
fullnews.php?news=2233,,569 945 грн місячнй стипендіальний фонд
,images/news/2230_1.jpg,""
fullnews.php?news=2230,,БЛАГОДІЙНий НОВОРІЧНий АУКЦІОН
,images/news/2227_1.jpg,""
fullnews.php?news=2227,,Ювілейний 10-тий сезон безоплатних курсів програмування для школярів – IT-KIDS успішно завершено! 
,images/news/2228_1.jpg,""
fullnews.php?news=2228,,творчі ініціатиіви студентів
,images/news/2229_1.jpg,""
fullnews.php?news=2229,,Перегляд робіт студентів кафедри дизайну
,images/news/2226_1.jpg,""
fullnews.php?news=2226,,НОВІ МОЖЛИВОСТІ МІЖНАРОДНОГО СПІВРОБІТНИЦТВА
,images/news/2224_1.jpg,""
fullnews.php?news=2224,,СТУДЕНТСЬКИЙ КОНКУРС «СТРАТЕГІЯ ВЕДЕННЯ БІЗНЕСУ У СОЦІАЛЬНИХ МЕРЕЖАХ» 
,images/news/2225_1.jpg,""
fullnews.php?news=2225,,28 студентів отримають матеріальну допомогу в грудні!
,images/news/2222_1.jpg,""
fullnews.php?news=2222,,ЧЕРКАСЬКИЙ ДЕРЖАВНИЙ БІЗНЕС-КОЛЕДЖ СТАВ ПЕРШИМ СЕРЕД КОЛЕДЖІВ УКРАЇНИ У МІЖНАРОДНОМУ РЕЙТИНГУ UKRAINIAN NATIONAL H-INDEX RANKING.
,images/news/2217_1.jpg,""
fullnews.php?news=2217,,Завершено конкурсний відбір студентів  у програмі «ЕРАЗМУС+»
,images/news/2218_1.jpg,""
fullnews.php?news=2218,,Гуманітарна ініціатива студентів: допомога евакуйованим тваринам
,images/news/2219_1.jpg,""
fullnews.php?news=2219,,Студентський конкурс проєктів маркетингових івентів
,images/news/2220_1.jpg,""
fullnews.php?news=2220,,Презентація фірмового стилю для Черкаської дитячої художньої школи! 
,images/news/2221_1.jpg,""
fullnews.php?news=2221,,"зимова вікторина до Нового року ""New Year Resolutions"""
,images/news/2223_1.jpg,""
fullnews.php?news=2223,,СТУДЕНТИ-ПЕРШОКУРСНИКИ ДОСЛІДЖУВАЛИ ЯКІСТЬ ПИТНОЇ ВОДИ
,images/news/2215_1.jpg,""
fullnews.php?news=2215,,ЗАСІДАННЯ СТУДЕНТСЬКОГО НАУКОВОГО КЛУБУ «ВІДКРИТИЙ ПРОСТІР» («OPEN SPACE»)
,images/news/2216_1.jpg,""
fullnews.php?news=2216,,"Фінансова гра ""Спіймай успіх"" де змагалися за володіння фінансовими та економічними знаннями!"
,images/news/2214_1.jpg,""
fullnews.php?news=2214,,Регіональні  історичні студії «Стежками історії рідної Черкащини»
,images/news/2212_1.jpg,""
fullnews.php?news=2212,,+1 навчальний корпус
,images/news/2209_1.jpg,""
fullnews.php?news=2209,,ВІТАЄМО АНГЕЛІНУ НАУМЕНКО - НОВООБРАНУ ГОЛОВУ СТУДЕНТСЬКОЇ РАДИ ЧДБК!
,images/news/2208_1.jpg,""
fullnews.php?news=2208,,"Студентська науково-практична конференція 
«Тенденції розвитку ІТ-технологій в Україні»
"
,images/news/2205_1.jpg,""
fullnews.php?news=2205,,Студенти бізнес-коледжу представляли Україну на міжнародному проекті «I Living Labs» в Австрії
,images/news/2206_1.jpg,""
fullnews.php?news=2206,,Студентська екскурсія в світ індустрії: підвищення фахового рівня знань на виробничому підприємстві
,images/news/2207_1.jpg,""
fullnews.php?news=2207,,"""Золотий хрест"" від Залужного отримав випускник ЧДБК"
,images/news/2211_1.jpg,""
fullnews.php?news=2211,,Екскурсія-лекція студентів відділення підприємництва та маркетингу на ТОВ «Біофарма Плазма»
,images/news/2203_1.jpg,""
fullnews.php?news=2203,,Волонтери ЧДБК відвідали поранених військових у лікарні!
,images/news/2204_1.jpg,""
fullnews.php?news=2204,,Творчий Успіх та Благодійність: викладача кафедри дизайну та соціально-культурних дисциплін Максима Гладька!
,images/news/2201_1.jpg,""
fullnews.php?news=2201,,МАЙСТЕР-КЛАС «ІНСТРУМЕНТИ КІБЕРВІЙНИ»
,images/news/2202_1.jpg,""
fullnews.php?news=2202,,"ПРОГРАМА «ІНІЦІАТИВА МІСЦЕВИХ КОЛЕДЖІВ» США 
НА 2024-2025 РОКИ ВІДКРИТА
"
,images/news/2210_1.jpg,""
fullnews.php?news=2210,,Прокладаючи шлях до успішної кар'єри: воркшоп з роздрібної торгівлі для студентів відділення підприємництва та маркетингу!
,images/news/2200_1.jpg,""
fullnews.php?news=2200,,ВОЛОНТЕРИ ЧДБК ПРОВЕЛИ МАЙСТЕР-КЛАС ДЛЯ ДІТЕЙ ЧЕРКАС!
,images/news/2199_1.jpg,""
fullnews.php?news=2199,,"ГЕНЕРАЛЬНИЙ ДИРЕКТОР ДИРЕКТОРАТУ ФАХОВОЇ ПЕРЕДВИЩОЇ, ВИЩОЇ ОСВІТИ МІНІСТЕРСТВА ОСВІТИ І НАУКИ УКРАЇНИ ВІДВІДАВ ЧЕРКАСЬКИЙ ДЕРЖАВНИЙ БІЗНЕС-КОЛЕДЖ"
,images/news/2198_1.jpg,""
fullnews.php?news=2198,,Шановні студенти!
,images/news/2195_1.jpg,""
fullnews.php?news=2195,,I Living Lab - стажування студентів в Австрії
,images/news/2196_1.jpg,""
fullnews.php?news=2196,,КІБЕРБЕЗПЕКА В УМОВАХ ВІЙНИ
,images/news/2197_1.jpg,""
fullnews.php?news=2197,,БРЕЙН-РИНГ «У СВІТІ ІТ-ТЕХНОЛОГІЙ»
,images/news/2213_1.jpg,""
fullnews.php?news=2213,," воркшоп на тему «SEO: розуміння, застосування та можливості кар’єрного росту»"
,images/news/2194_1.jpg,""
fullnews.php?news=2194,,ОНЛАЙН ЗУСТРІЧ ЗІ СТУДЕНТАМИ- УЧАСНИКАМИ ПРОГРАМИ ДЕРЖДЕПАРТАМЕНТУ США «ІНІЦІАТИВА МІСЦЕВИХ КОЛЕДЖІВ» 
,images/news/2192_1.jpg,""
fullnews.php?news=2192,,КАНДИДАТИ НА ПОСАДУ ГОЛОВИ СТУДЕНТСЬКОЇ РАДИ!
,images/news/2193_1.jpg,""
fullnews.php?news=2193,,СТВОРЕННЯ НОВОРІЧНИХ КАРТИН З ДІТЬМИ ВПО!
,images/news/2191_1.jpg,""
fullnews.php?news=2191,,УВАГА !!!
,images/news/2140_1.jpg,""
fullnews.php?news=2140,,ЧДБК УВІЙШОВ ДО ДЕСЯТИ НАЙПОПУЛЯРНІШИХ КОЛЕДЖІВ УКРАЇНИ!
,images/news/2188_1.jpg,""
fullnews.php?news=2188,,ВИПУСКНИК ЧЕРКАСЬКОГО ДЕРЖАВНОГО БІЗНЕС-КОЛЕДЖУ УВІЙШОВ ДО ТОП-100 ЛІДЕРІВ УКРАЇНИ!
,images/news/2189_1.jpg,""
fullnews.php?news=2189,,Відкрита лекція «Стоки: міфи та реальність»
,images/news/2190_1.jpg,""
fullnews.php?news=2190,,Результати  І етапу ХІV Міжнародного мовно-літературного конкурсу ім.Т.Шевченка
,images/news/2185_1.jpg,""
fullnews.php?news=2185,,ОФІЦІЙНА ІНФОРМАЦІЯ
,images/news/2186_1.jpg,""
fullnews.php?news=2186,,СТУДЕНТИ ЧДБК ПЕРЕГЛЯНУЛИ ФІЛЬМ «20 ДНІВ У МАРІУПОЛІ»
,images/news/2187_1.jpg,""
fullnews.php?news=2187,,ВІТАЄМО КОМАНДУ ЧДБК З ПЕРЕМОГОЮ У ЧЕМПІОНАТІ ЧЕРКАСЬКОЇ ОБЛАСТІ З НАСТІЛЬНОГО ТЕНІСУ!
,images/news/2184_1.jpg,""
fullnews.php?news=2184,,ПРИВІТАННЯ ДО ДНЯ ГІДНОСТІ ТА СВОБОДИ
,images/news/2181_1.jpg,""
fullnews.php?news=2181,,ПОДЯКИ ВОЛОНТЕРАМ ЧДБК ВІД УПРАВЛІННЯ ОСВІТИ І НАУКИ ЧЕРКАСЬКОЇ ОБЛАСНОЇ ДЕРЖАВНОЇ АДМІНІСТРАЦІЇ!
,images/news/2182_1.jpg,""
fullnews.php?news=2182,,130 710 ГРН – ЗІБРАНО ДЛЯ ДОПОМОГИ ВОЇНАМ ЗСУ!
,images/news/2179_1.jpg,""
fullnews.php?news=2179,,ВИЩА ОСВІТА ТА АМЕРИКАНСЬКА МРІЯ 
,images/news/2180_1.jpg,""
fullnews.php?news=2180,,ІНТЕЛЕКТУАЛЬНА ГРА «АБЕТКА ГРОШЕЙ»
,images/news/2183_1.jpg,""
fullnews.php?news=2183,,НАГОРОДЖЕННЯ АКТИВІСТІВ ВОЛОНТЕРСЬКОГО РУХУ ЧДБК
,images/news/2177_1.jpg,""
fullnews.php?news=2177,,Черкаський міжнародний економічний форум-2023
,images/news/2178_1.jpg,""
fullnews.php?news=2178,,СПОРТИВНИЙ TEAM-BUILDING ЧДБК
,images/news/2176_1.jpg,""
fullnews.php?news=2176,,Вітаємо команду ЧДБК «Звитяжці»
,images/news/2174_1.jpg,""
fullnews.php?news=2174,,ВЕЧІР РЕКЛАМОЖЕРІВ
,images/news/2175_1.jpg,""
fullnews.php?news=2175,,ПРОФЕСІЙНИЙ РОЗВИТОК: ВОРКШОП ВІД АМЕРИКАНСЬКОГО ПРОФЕСОРА
,images/news/2166_1.jpg,""
fullnews.php?news=2166,,ДИСКУСІЯ «НОВІТНІ ОСВІТНІ ТРЕНДИ – ЄВРОПЕЙСЬКИЙ ДОСВІД» 
,images/news/2167_1.jpg,""
fullnews.php?news=2167,,"Кафедра економіки, управління та адміністрування ЧДБК продовжує співпрацю зі стейкхолдерами Черкащини!"
,images/news/2168_1.jpg,""
fullnews.php?news=2168,,РЕЗУЛЬТАТИ ГРИ «НАЙРОЗУМНІШИЙ»
,images/news/2169_1.jpg,""
fullnews.php?news=2169,,З ГЛИБОКИМ СУМОМ ПОВІДОМЛЯЄМО ПРО СМЕРТЬ ПАНАСЕНКА ВІКТОРА ПЕТРОВИЧА
,images/news/2170_1.jpg,""
fullnews.php?news=2170,,"ЗУСТРІЧ З ВИПУСКНИКОМ КАФЕДРИ ""ДИЗАЙН"" ЧДБК РОМАНОМ ШПИЛЬОВИМ"
,images/news/2171_1.jpg,""
fullnews.php?news=2171,,Результати ХХІV Міжнародного конкурсу знавців української мови ім. Петра Яцика
,images/news/2172_1.jpg,""
fullnews.php?news=2172,,Коріння і крона рідної мови
,images/news/2173_1.jpg,""
fullnews.php?news=2173,,"""Бібліотеки - це скарбниці всіх багатств людського духу"""
,images/news/2164_1.jpg,""
fullnews.php?news=2164,,ВІТАЄМО ПЕРЕМОЖЦІВ ФІНАНСОВО-БУХГАЛТЕРСЬКОГО КВЕСТУ
,images/news/2165_1.jpg,""
fullnews.php?news=2165,,РЕЗУЛЬТАТИ ПОЛІЦЕЙСЬКОЇ КОМІСІЇ В ЧЕРКАСАХ
,images/news/2160_1.jpg,""
fullnews.php?news=2160,,ЧЕМПІОНАТ ЧЕРКАСЬКОЇ ОБЛАСТІ З ШАХІВ
,images/news/2161_1.jpg,""
fullnews.php?news=2161,,ЩИРО ВДЯЧНІ АМЕРИКАНСЬКОМУ ДРУГУ ЗА ПІДТРИМКУ
,images/news/2162_1.jpg,""
fullnews.php?news=2162,,ЗАПРОВАДЖЕННЯ У НАВЧАЛЬНИЙ ПРОЦЕС ЧДБК МЕТОДИКИ СПІЛЬНОГО ПРОВЕДЕННЯ ЗАНЯТЬ З ПРАКТИКАМИ-ФАХІВЦЯМИ
,images/news/2163_1.jpg,""
fullnews.php?news=2163,,День Гарбуза !!!
,images/news/2151_1.jpg,""
fullnews.php?news=2151,,ЧДБК ПЕРЕДАВ АВТО ДЛЯ ЗСУ
,images/news/2158_1.jpg,""
fullnews.php?news=2158,,В ЧДБК ПРОВОДЯТЬСЯ ПРОТИПОЖЕЖНІ ТРЕНУВАННЯ
,images/news/2159_1.jpg,""
fullnews.php?news=2159,,Засідання Ради молоді Черкаській обласній організації Профспілки працівників освіти і науки України
,images/news/2157_1.jpg,""
fullnews.php?news=2157,,Онлайн-екскурсія Музеєм грошей НБУ
,images/news/2155_1.jpg,""
fullnews.php?news=2155,,БЛАГОДІЙНИЙ ЯРМАРОК ЧДБК
,images/news/2152_1.jpg,""
fullnews.php?news=2152,,Радіодиктант націонаотної єдності-2023
,images/news/2153_1.jpg,""
fullnews.php?news=2153,,Мільйон дерев пам'яті та життя!
,images/news/2154_1.jpg,""
fullnews.php?news=2154,,ГАРБУЗОВІ ПЕРЕГОНИ ДЛЯ ДІТЕЙ З ОСОБЛИВИМИ ПОТРЕБАМИ 
,images/news/2156_1.jpg,""
fullnews.php?news=2156,,"ПРАКТИЧНИЙ ВОРКШОП ""МІЙ ФІНАНСОВИЙ ПЛАН"""
,images/news/2148_1.jpg,""
fullnews.php?news=2148,,"ВРУЧЕННЯ ДИПЛОМІВ ВИПУСКНИКАМ УНІВЕРСИТЕТУ ПРИКЛАДНИХ НАУК ISMA (М.РИГА, ЛАТВІЯ)"
,images/news/2149_1.jpg,""
fullnews.php?news=2149,,TRIARE в Черкаському державному бізнес-коледжі! 
,images/news/2150_1.jpg,""
fullnews.php?news=2150,,ЧЕРКАСЬКИЙ ДЕРЖАВНИЙ БІЗНЕС-КОЛЕДЖ – ЛІДЕР ІННОВАЦІЙ В ОСВІТІ
,images/news/2145_1.jpg,""
fullnews.php?news=2145,,Презентаційна зустріч стейкхолдера ТОВ «Аудит Консалтинг Центр» зі студентами ЧДБК 
,images/news/2146_1.jpg,""
fullnews.php?news=2146,,"Студенти Кафедри економіки, управління та адміністрування ЧДБК відвідали ТОВ ""Біржа АПК ЦО України"""
,images/news/2147_1.jpg,""
fullnews.php?news=2147,,ДЕНЬ МАРКЕТОЛОГА 
,images/news/2144_1.jpg,""
fullnews.php?news=2144,,Інтерв`ю з американським журналістом Victor Williams
,images/news/2143_1.jpg,""
fullnews.php?news=2143,,ОПАЛЮВАЛЬНИЙ СЕЗОН 2023 РОЗПОЧАТО
,images/news/2141_1.jpg,""
fullnews.php?news=2141,,Лекція по страхуванню від випускниці ЧДБК Ірини Глуховченко
,images/news/2142_1.jpg,""
fullnews.php?news=2142,,"Тренінг-курс ""Бухгалтерське документування"""
,images/news/2139_1.jpg,""
fullnews.php?news=2139,,Живильна роса творів Юлії Гончар
,images/news/2137_1.jpg,""
fullnews.php?news=2137,,ФІНІШНА ЛІНІЯ: СПОРТИВНІ ЗМАГАННЯ ДЛЯ ІІ-ГО КУРСУ
,images/news/2138_1.jpg,""
fullnews.php?news=2138,,Розвиваємося й не зупиняємося!!!
,images/news/2134_1.jpg,""
fullnews.php?news=2134,,"Співпраця ЧДБК з Черкаською міською радою продовжується!
"
,images/news/2135_1.jpg,""
fullnews.php?news=2135,,"ІНТЕЛЕКТУАЛЬНА ВІКТОРИНА ""ТЕРИТОРІЯ УСПІХУ"""
,images/news/2136_1.jpg,""
fullnews.php?news=2136,,"СТУДЕНТИ ЧДБК ВІДВІДАЛИ ТРЕНІНГ ""МЕДІА ПІД ЧАС ВІЙНИ"""
,images/news/2130_1.jpg,""
fullnews.php?news=2130,,АМЕРИКАНСЬКИЙ ГІСТЬ ВИКЛАДАЄ У БІЗНЕС-КОЛЕДЖІ
,images/news/2127_1.jpg,""
fullnews.php?news=2127,,Інтерактивний івент - стежка ментального здоров'я!
,images/news/2128_1.jpg,""
fullnews.php?news=2128,,"ВОЛОНТЕРИ ЧДБК ПРОВЕЛИ МАЙСТЕР-КЛАС ""УКРАЇНА - ЦЕ Я""!"
,images/news/2129_1.jpg,""
fullnews.php?news=2129,,"СТАРТУЄ 10 СЕЗОН БЕЗКОШТОВНИХ КУРСІВ ПРОГРАМУВАННЯ ""IT-KIDS""!"
,images/news/2131_1.jpg,""
fullnews.php?news=2131,,СПОРТИВНІ ЗМАГАННЯ ДЛЯ ІІ-ГО КУРСУ
,images/news/2132_1.jpg,""
fullnews.php?news=2132,,Співпраця бізнес-коледжу та  Черкаської обласної державної адміністрації з питань кібербезпеки
,images/news/2123_1.jpg,""
fullnews.php?news=2123,,22 000 грн виділено з Фонду підтримки воїнів ЗСУ
,images/news/2124_1.jpg,""
fullnews.php?news=2124,,Відбулася відкрита англомовна лекція на тему «Україна: дискусія про геноцид».
,images/news/2125_1.jpg,""
fullnews.php?news=2125,,РАДІ ВІТАТИ ДОКТОРА ДЖОНСОНА У ЧЕРКАСЬКОМУ ДЕРЖАВНОМУ БІЗНЕС-КОЛЕДЖІ
,images/news/2126_1.jpg,""
fullnews.php?news=2126,,ЕКОНОМІЧНИЙ КВЕСТ
,images/news/2121_1.jpg,""
fullnews.php?news=2121,,ПРИЗНАЧЕНА ДЕРЖАВНА СТИПЕНДІЯ ДЛЯ ВИДАТНИХ ДІЯЧІВ ОСВІТИ 
,images/news/2122_1.jpg,""
fullnews.php?news=2122,,ІНТЕЛЕКТУАЛЬНА ГРА «Я - МАЙБУТНІЙ ЕКОНОМІСТ»
,images/news/2104_1.jpg,""
fullnews.php?news=2104,,X сезон безкоштових курсів програмування для школярів - ITKIDS!
,images/news/2120_1.jpg,""
fullnews.php?news=2120,,РІШЕННЯ АТЕСТАЦІЙНОЇ КОМІСІЇ
,images/news/2117_1.jpg,""
fullnews.php?news=2117,,Першокурсники активно приєднуються до волонтерської діяльності в Черкаському державному бізнес-коледжі!
,images/news/2118_1.jpg,""
fullnews.php?news=2118,,GRANT ПРОГРАМИ ЄС «Erasmus+ KA1 & KA2” у Черкаський державний бізнес-коледжі
,images/news/2119_1.jpg,""
fullnews.php?news=2119,,Лекція для студентів І курсу у рамках проєкту STUDIT OPEN разом із партнерами Cherkasy IT Cluster Group
,images/news/2133_1.jpg,""
fullnews.php?news=2133,,«Скажи мені українською» 
,images/news/2116_1.jpg,""
fullnews.php?news=2116,,ВІТАЄМО ДАР'Ю ШЕВЧЕНКО З ПЕРЕМОГОЮ
,images/news/2112_1.jpg,""
fullnews.php?news=2112,,ПРИВІТАННЯ ДО ДНЯ ЗАХИСНИКІВ ТА ЗАХИСНИЦЬ УКРАЇНИ
,images/news/2114_1.jpg,""
fullnews.php?news=2114,,Обласний тренінг-ретрит для молодіжних працівників та волонтерів «Молодіжна робота в громаді під час війни» 
,images/news/2115_1.jpg,""
fullnews.php?news=2115,,WELCOME - ТРЕНІНГ ДЛЯ ПЕРШОКУРСНИКІВ «ВІД СТУДЕНТА ДО УСПІШНОГО БІЗНЕСМЕНА»
,images/news/2110_1.jpg,""
fullnews.php?news=2110,,ВІТАННЯ ДИРЕКТОРА З НАГОДИ ДНЯ ПРАЦІВНИКІВ ОСВІТИ! 
,images/news/2113_1.jpg,""
fullnews.php?news=2113,,День працівників освіти
,images/news/2108_1.jpg,""
fullnews.php?news=2108,,"ВИДАЧА БАНКІВСЬКИХ КАРТ ПЕРШОКУРСНИКАМ ДЛЯ ОТРИМАННЯ СТИПЕНДІЇ
"
,images/news/2109_1.jpg,""
fullnews.php?news=2109,,"ВІДКРИТА ЛЕКЦІЯ НА ТЕМУ: «АУДИТ: ВИМОГИ ЩОДО МОДЕРНІЗАЦІЇ СИСТЕМИ, СУБ'ЄКТИ АУДИТУ КОШТІВ ЄС ТА СУЧАСНИЙ ФІНАНСОВИЙ АУДИТ МІСЦЕВИХ БЮДЖЕТІВ В УКРАЇНІ»"
,images/news/2111_1.jpg,""
fullnews.php?news=2111,,Екскурсія студентів відділення дизайну до Черкаського художнього музею
,images/news/2105_1.jpg,""
fullnews.php?news=2105,,СПОРТИВНІ ЗМАГАННЯ І-ГО КУРСУ
,images/news/2106_1.jpg,""
fullnews.php?news=2106,,"ПРЕЗЕНТАЦІЯ КНИГИ ВОЛОДИМИРА ПАНІОТТО ""СОЦІОЛОГІЯ В АНЕКДОТАХ"""
,images/news/2107_1.jpg,""
fullnews.php?news=2107,,"ЕКСКУРСІЯ ДЛЯ СТУДЕНТІВ ТА ВИКЛАДАЧІВ В ІТ-КОМПАНІЮ ""TRIARE"""
,images/news/2101_1.jpg,""
fullnews.php?news=2101,,КОНКУРС НА УЧАСТЬ У ПРОГРАМІ ERASMUS+
,images/news/2102_1.jpg,""
fullnews.php?news=2102,,КОНКУРС ДЛЯ СТУДЕНТІВ У ПРОГРАМІ ERASMUS+
,images/news/2103_1.jpg,""
fullnews.php?news=2103,,"Фінансова грамотність студентів відділення «Економіки, обліку та фінансів»"
,images/news/2099_1.jpg,""
fullnews.php?news=2099,,Видача студентських квитків 
,images/news/2100_1.jpg,""
fullnews.php?news=2100,,Незабутні жарини Сергія Руднєва
,images/news/2097_1.jpg,""
fullnews.php?news=2097,,Збір на авто продовжується!
,images/news/2098_1.jpg,""
fullnews.php?news=2098,,У ЧДБК ВІДБУЛИСЯ ПРОТИПОЖЕЖНІ ТРЕНУВАННЯ
,images/news/2095_1.jpg,""
fullnews.php?news=2095,,ЗУСТРІЧ З УЧАСНИКОМ ПРОГРАМИ «ОБ’ЄДНАНІ КОЛЕДЖІ СВІТУ» 
,images/news/2096_1.jpg,""
fullnews.php?news=2096,,"Екскурсія для ЧДБК ""Черкаси- один із центрів ІТ-індустрії України"""
,images/news/2092_1.jpg,""
fullnews.php?news=2092,,Виставка студентських робіт до Дня міста
,images/news/2093_1.jpg,""
fullnews.php?news=2093,,СПОРТИВНІ ЗМАГАННЯ І-ГО КУРСУ
,images/news/2094_1.jpg,""
fullnews.php?news=2094,,"ПЕРЕВЕДЕННЯ СТУДЕНТІВ НА МІСЦЯ, ЩО ФІНАНСУЮТЬСЯ ЗА РАХУНОК КОШТІВ РЕГІОНАЛЬНОГО БЮДЖЕТУ  "
,images/news/2091_1.jpg,""
fullnews.php?news=2091,,"МАЙСТЕР-КЛАС ""БАНКНОТА У 10 КРОКІВ"""
,images/news/2090_1.jpg,""
fullnews.php?news=2090,,РАЗОМ ДО ПЕРЕМОГИ! З ФОНДУ ПІДТРИМКИ ВОЇНІВ ЗСУ ВИДІЛЯТЬ КОШТИ ДЛЯ РЕМОНТУ АВТО НА ФРОНТ
,images/news/2088_1.jpg,""
fullnews.php?news=2088,,ЧЕРКАСЬКИЙ ДЕРЖАВНИЙ БІЗНЕС-КОЛЕДЖ УВІЙШОВ ДО 12  НАЙКРАЩИХ КОЛЕДЖІВ УКРАЇНИ ЗА РЕЗУЛЬТАТАМИ НАЦІОНАЛЬНОГО МУЛЬТИПРЕДМЕТНОГО ТЕСТУ
,images/news/2089_1.jpg,""
fullnews.php?news=2089,, Збір коштів на машину для військових
,images/news/2086_1.jpg,""
fullnews.php?news=2086,,РЕЗУЛЬТАТИ КОНКУРСНОГО ВІДБОРУ СТУДЕНТІВ ДЛЯ ПРОГРАМИ АКАДЕМІЧНОЇ МОБІЛЬНОСТІ «ЕРАЗМУС+»
,images/news/2087_1.jpg,""
fullnews.php?news=2087,,СПОРТИВНІ ЗМАГАННЯ І-ГО КУРСУ
,images/news/2085_1.jpg,""
fullnews.php?news=2085,,Вітаємо!
,images/news/2084_1.jpg,""
fullnews.php?news=2084,,РОЗШИРЕНЕ ЗАСІДАННЯ СТУДЕНТСЬКОЇ РАДИ
,images/news/2083_1.jpg,""
fullnews.php?news=2083,,Міжнародний рейтинг UniRank University Ranking
,images/news/2081_1.jpg,""
fullnews.php?news=2081,,ДЕНЬ ЗНАНЬ У ЧЕРКАСЬКОМУ ДЕРЖАВНОМУ БІЗНЕС-КОЛЕДЖІ
,images/news/2082_1.jpg,""
fullnews.php?news=2082,,ВІТАЄМО З ПОДЯКАМИ ВЕРХОВНОЇ РАДИ УКРАЇНИ!
,images/news/2076_1.jpg,""
fullnews.php?news=2076,,ВСТУП - 2023. ПІДСУМКИ
,images/news/2078_1.jpg,""
fullnews.php?news=2078,,"363 ТИС ГРН – МІСЯЧНИЙ СТИПЕНДІАЛЬНИЙ ФОНД 
ЧДБК У СЕРПНІ"
,images/news/2079_1.jpg,""
fullnews.php?news=2079,,ЗУСТРІЧ КУРАТОРІВ З ПЕРШОКУРСНИКАМИ ЧЕРКАСЬКОГО ДЕРЖАВНОГО БІЗНЕС-КОЛЕДЖУ
,images/news/2080_1.jpg,""
fullnews.php?news=2080,,"102 СТУДЕНТИ-ПЕРШОКУРСНИКИ - НОВІ СТИПЕНДІАТИ  
ЧЕРКАСЬКОГО ДЕРЖАВНОГО БІЗНЕС-КОЛЕДЖУ. ВІТАЄМО!"
,images/news/2073_1.jpg,""
fullnews.php?news=2073,,ВІТАЄМО ДИРЕКТОРА З ПОЧЕСНОЮ НАГОРОДОЮ
,images/news/2074_1.jpg,""
fullnews.php?news=2074,,До відома студентам-першокурсникам!  
,images/news/2075_1.jpg,""
fullnews.php?news=2075,,Запрошуємо на урочистості до Дня знань!
,images/news/2077_1.jpg,""
fullnews.php?news=2077,,ВІТАЄМО КОЛЕГ З ВІДЗНАКАМИ МІСЬКОГО ГОЛОВИ
,images/news/2068_1.jpg,""
fullnews.php?news=2068,,ВІТАЄМО З ОТРИМАННЯМ ПОДЯКИ МІСЬКОГО ГОЛОВИ МІСТА ЧЕРКАСИ 
,images/news/2069_1.jpg,""
fullnews.php?news=2069,,"ОГОЛОШЕНО КОНКУРС НА МІСЦЯ, ЩО ФІНАНСУЮТЬСЯ ЗА РАХУНОК КОШТІВ ОБЛАСНОГО БЮДЖЕТУ"
,images/news/2070_1.jpg,""
fullnews.php?news=2070,,ВІТАЄМО З ВІДЗНАКАМИ ЧЕРКАСЬКОГО ДЕРЖАВНОГО БІЗНЕС-КОЛЕДЖУ
,images/news/2071_1.jpg,""
fullnews.php?news=2071,,ВІТАЄМО КОЛЕГ З ВРУЧЕННЯМ ПОЧЕСНИХ ВІДЗНАК ПРОФСПІЛКИ
,images/news/2072_1.jpg,""
fullnews.php?news=2072,,ВІТАЄМО З ОТРИМАННЯМ ПОЧЕСНИХ НАГОРОД З НАГОДИ ДНЯ НЕЗАЛЕЖНОСТІ УКРАЇНИ
,images/news/2067_1.jpg,""
fullnews.php?news=2067,,ПРИВІТАННЯ ДИРЕКТОРА З ДНЕМ ДЕРЖАВНОГО ПРАПОРА ТА НЕЗАЛЕЖНОСТІ УКРАЇНИ
,images/news/2066_1.jpg,""
fullnews.php?news=2066,,КОНКУРС НА ОТРИМАННЯ СТИПЕНДІЙ НА НАВЧАННЯ В РАМКАХ ПРОГРАМИ ЄС«ЕРАЗМУС+» 
,images/news/2065_1.jpg,""
fullnews.php?news=2065,,НАКАЗ ПРО ЗАРАХУВАННЯ НА НАВЧАННЯ (НА БАЗІ ПЗСО) ЗА СПЕЦІАЛЬНОСТЯМИ ЗА КОШТИ ФІЗИЧНИХ ТА/АБО ЮРИДИЧНИХ ОСІБ
,images/news/2062_1.jpg,""
fullnews.php?news=2062,,ВСТУП 2023 (на основі диплому фахового молодшого бакалавра/мол. спеціаліста). ПІДСУМКИ. 
,images/news/2063_1.jpg,""
fullnews.php?news=2063,,Черкаський державний бізнес-коледж увійшов в трійку кращих коледжів України!
,images/news/2064_1.jpg,""
fullnews.php?news=2064,,НАКАЗ ПРО ЗАРАХУВАННЯ НА НАВЧАННЯ (НА БАЗІ ПЗСО) ЗА СПЕЦІАЛЬНОСТЯМИ ЗА ДЕРЖАВНИМ (РЕГІОНАЛЬНИМ) ЗАМОВЛЕННЯМ
,images/news/2060_1.jpg,""
fullnews.php?news=2060,,"НАКАЗ ПРО ЗАРАХУВАННЯ СТУДЕНТІВ ДЛЯ ЗДОБУТТЯ ОС "" БАКАЛАВР"" ЗА СПЕЦІАЛЬНОСТЯМИ ЗА КОШТИ ФІЗИЧНИХ ТА/АБО ЮРИДИЧНИХ ОСІБ"
,images/news/2061_1.jpg,""
fullnews.php?news=2061,,"НАКАЗ ПРО ЗАРАХУВАННЯ СТУДЕНТІВ ДЛЯ ЗДОБУТТЯ ОС ""МОЛОДШИЙ  БАКАЛАВР"" ЗА СПЕЦІАЛЬНОСТЯМИ ЗА КОШТИ ФІЗИЧНИХ ТА/АБО ЮРИДИЧНИХ ОСІБ"
,images/news/2059_1.jpg,""
fullnews.php?news=2059,,ЧЕТВЕРО СТУДЕНТІВ ЧДБК ПРИСТУПИЛИ ДО НАВЧАННЯ В США
,images/news/2054_1.jpg,""
fullnews.php?news=2054,,"Рейтинговий список студентів для здобуття ОС «МОЛОДШИЙ БАКАЛАВР» ОС «бакалавр»
 
"
,images/news/2057_1.jpg,""
fullnews.php?news=2057,,"НАКАЗ ПРО ЗАРАХУВАННЯ СТУДЕНТІВ ДЛЯ ЗДОБУТТЯ ОС ""БАКАЛАВР"" ЗА СПЕЦІАЛЬНОСТЯМИ ЗА КОШТИ ДЕРЖАВНОГО ТА/АБО РЕГІОНАЛЬНОГО ЗАМОВЛЕННЯ
"
,images/news/2058_1.jpg,""
fullnews.php?news=2058,,"НАКАЗ ПРО ЗАРАХУВАННЯ СТУДЕНТІВ ДЛЯ ЗДОБУТТЯ ОС ""МОЛОДШИЙ БАКАЛАВР"" ЗА СПЕЦІАЛЬНОСТЯМИ ЗА КОШТИ ДЕРЖАВНОГО ТА/АБО РЕГІОНАЛЬНОГО ЗАМОВЛЕННЯ"
,images/news/2056_1.jpg,""
fullnews.php?news=2056,,ВСТУП - 2023 (на базі 9 кл.). Підсумки
,images/news/2053_1.jpg,""
fullnews.php?news=2053,,Наказ про зарахування на навчання (НА БАЗІ БСО) за спеціальностями за кошти фізичних та/або юридичних осіб
,images/news/2055_1.jpg,""
fullnews.php?news=2055,,"Рейтинговий список студентів (на основі ПЗСО) для здобуття ОПС «фаховий молодший бакалавр» 
"
,images/news/2052_1.jpg,""
fullnews.php?news=2052,,Наказ про зарахування на навчання (НА БАЗІ БСО) за спеціальностями за державним (регіональним) замовленням
,images/news/2049_1.jpg,""
fullnews.php?news=2049,,ЗВІТ ПРО КІЛЬКІСТЬ ЗАРЕЄСТРОВАНИХ ЗАЯВ
,images/news/2050_1.jpg,""
fullnews.php?news=2050,, РЕЙТИНГИ ВСТУПНОГО ВИПРОБУВАННЯ (НА БАЗІ БСО) на 26.07.23
,images/news/2051_1.jpg,""
fullnews.php?news=2051,," ГАЗЕТА КАБІНЕТУ МІНІСТРІВ УКРАЇНИ ""УРЯДОВИЙ КУР`ЄР» ПРО НАС!"
,images/news/2048_1.jpg,""
fullnews.php?news=2048,,ВСТУП 2023 (на базі 9 кл.).
,images/news/2047_1.jpg,""
fullnews.php?news=2047,,"ВІДОМІСТЬ   ВСТУПНОГО ВИПРОБУВАННЯ (ОС  ""БАКАЛАВР"" та ОС  ""МОЛОДШИЙ БАКАЛАВР "")"
,images/news/2046_1.jpg,""
fullnews.php?news=2046,,ВІДОМІСТЬ ТА РЕЙТИНГИ ВСТУПНОГО ВИПРОБУВАННЯ (НА БАЗІ БАЗОВОЇ СЕРЕДНЬОЇ ОСВІТИ)
,images/news/2028_1.jpg,""
fullnews.php?news=2028,,ОСОБИСТИЙ ЕЛЕКТРОННИЙ КАБІНЕТ ВСТУПНИКА
,images/news/2045_1.jpg,""
fullnews.php?news=2045,,продовжено термін прийняття заяв від вступників на основі базової середньої освіти
,images/news/2042_1.jpg,""
fullnews.php?news=2042,,ЗВІТ ПРО КІЛЬКІСТЬ ЗАРЕЄСТРОВАНИХ ЗАЯВ
,images/news/2044_1.jpg,""
fullnews.php?news=2044,,дизайн: Розширення ліцензійного обсягу
,images/news/2043_1.jpg,""
fullnews.php?news=2043,,ЧЕРКАСЬКА ОБЛАСНА ВІЙСЬКОВА АДМІНІСТРАЦІЯ ПРО НАС
,images/news/2040_1.jpg,""
fullnews.php?news=2040,,"Вітаємо з отриманням
Почесної грамоти Черкаської обласної військової адміністрації
"
,images/news/2041_1.jpg,""
fullnews.php?news=2041,,ЗАТВЕРДЖЕНО ПЛАНОВІ ОБСЯГИ РЕГІОНАЛЬНОГО ЗАМОВЛЕННЯ
,images/news/2037_1.jpg,""
fullnews.php?news=2037,,"ВІТАЄМО СТУДЕНТІВ З ОТРИМАННЯМ ГРАНТУ 
ЗА ПРОГРАМОЮ «ІНІЦІАТИВА МІСЦЕВИХ КОЛЕДЖІВ» ВІД ДЕРЖДЕПУ США
"
,images/news/2038_1.jpg,""
fullnews.php?news=2038,,Приймальна комісія
,images/news/2039_1.jpg,""
fullnews.php?news=2039,,"Зустріч  начальника Черкаської ОВА зі студентами - 
переможцями програми «Ініціатива місцевих коледжів»,
 Державного департаменту США
"
,images/news/2034_1.jpg,""
fullnews.php?news=2034,,ВІТАЄМО З НАЙВИЩИМИ БАЛАМИ З НМТ З ІСТОРІЇ УКРАЇНИ
,images/news/2035_1.jpg,""
fullnews.php?news=2035,,"542 842 ГРН - МІСЯЧНИЙ СТИПЕНДІАЛЬНИЙ ФОНД ЧДБК У ЧЕРВНІ 
"
,images/news/2036_1.jpg,""
fullnews.php?news=2036,,ЗАСІДАННЯ ВЧЕНОЇ РАДИ
,images/news/2025_1.jpg,""
fullnews.php?news=2025,,ПРИВІТАННЯ ДИРЕКТОРА З ВИПУСКОМ 2023
,images/news/2030_1.jpg,""
fullnews.php?news=2030,,ВІТАЄМО АННУ ЖИГАЛО З НАГОРОДЖЕННЯМ ЗОЛОТОЮ МЕДАЛЛЮ «ЗА ВИСОКІ ДОСЯГНЕННЯ У НАВЧАННІ»
,images/news/2031_1.jpg,""
fullnews.php?news=2031,,ВІТАЄМО СТУДЕНТІВ-АЙТІВЦІВ З ВИПУСКОМ 2023!
,images/news/2032_1.jpg,""
fullnews.php?news=2032,,"ВІТАЄМО БАКАЛАВРІВ, 
ЯКІ НАВЧАЛИСЯ У ЄС ТА США З ВИПУСКОМ 2023!
"
,images/news/2033_1.jpg,""
fullnews.php?news=2033,,ВІТАЄМО ДИЗАЙНЕРІВ-ВИПУСКНИКІВ!
,images/news/2027_1.jpg,""
fullnews.php?news=2027,,ВИПУСК БАКАЛАВРІВ 2023
,images/news/2029_1.jpg,""
fullnews.php?news=2029,,ВИПУСК 2023 ФАХОВИХ МОЛОДШИХ БАКАЛАВРІВ ТА МОЛОДШИХ СПЕЦІАЛІСТІВ
,images/news/2026_1.jpg,""
fullnews.php?news=2026,,Вступ для здобуття  ОС «бакалавр» та  ОС «Молодший бакалавр»
,images/news/2024_1.jpg,""
fullnews.php?news=2024,,"ВІТАЄМО З УСПІШНОЮ АКРЕДИТАЦІЄЮ ОСВІТНЬОЇ ПРОГРАМИ КОМП’ЮТЕРНА ІНЖЕНЕРІЯ БАКАЛАВРСЬКОГО РІВНЯ!
"
,images/news/1319_1.jpg,""
fullnews.php?news=1319,,СТУДЕНТИ ЗМОЖУТЬ НАВЧАТИСЯ У ЄВРОПІ
,images/news/2022_1.jpg,""
fullnews.php?news=2022,,ЗУСТРІЧ З ПРЕДСТАВНИКАМИ ТЕРИТОРІАЛЬНОГО ЦЕНТРУ КОМПЛЕКТУВАННЯ ТА СОЦІАЛЬНОЇ ПІДТРИМКИ
,images/news/2023_1.jpg,""
fullnews.php?news=2023,,Закінчуєте 9-й клас і хочете вступати до ЧДБК?
,images/news/2021_1.jpg,""
fullnews.php?news=2021,,"РЕКОНСТРУКЦІЯ БІЗНЕС-КОЛЕДЖУ: ДОСТРОКОВО ЗАВЕРШЕНО ПЛАНОВИЙ КАПІТАЛЬНИЙ РЕМОНТ ФАСАДУ, ПОКРІВЛІ ТА РОБІТ З УТЕПЛЕННЯ"
,images/news/2020_1.jpg,""
fullnews.php?news=2020,,ЗАСІДАННЯ ВЧЕНОЇ РАДИ
,images/news/2017_1.jpg,""
fullnews.php?news=2017,,ПОДЯКА ВІДДІЛЕННЮ ДИЗАЙНУ ЗА ХУДОЖНЄ ОФОРМЛЕННЯ БУДИНКУ ДИТИНИ
,images/news/2018_1.jpg,""
fullnews.php?news=2018,,НАУКОВО-ПРАКТИЧНИЙ СЕМІНАР «СУЧАСНІ ЦИФРОВІ ТЕХНОЛОГІЇ У ВИКЛАДАЦЬКІЙ ДІЯЛЬНОСТІ: ПРАКТИЧНИЙ ДОСВІД ЗАСТОСУВАННЯ»
,images/news/2019_1.jpg,""
fullnews.php?news=2019,,З ФОНДУ ПІДТРИМКИ ВОЇНІВ ЗСУ ВИДІЛИЛИ ЧЕРГОВУ ДОПОМОГУ ВІЙСЬКОВИМ
,images/news/2015_1.jpg,""
fullnews.php?news=2015,,ЧЕРКАСЬКА МІСЬКА РАДА ПРО НАС
,images/news/2016_1.jpg,""
fullnews.php?news=2016,,XII Студентська практична конференція “What I know about this thing is…”
,images/news/2013_1.jpg,""
fullnews.php?news=2013,,МЕМОРАНДУМ ПРО СПІВПРАЦЮ ПІДПИСАНО ПІД ЧАС РОБОЧОГО ВІЗИТУ МІСЬКОГО ГОЛОВИ ЧЕРКАС АНАТОЛІЯ БОНДАРЕНКА ДО БІЗНЕС-КОЛЕДЖУ
,images/news/2014_1.jpg,""
fullnews.php?news=2014,,ВІТАЄМО КОЛЕГ З ВРУЧЕННЯМ ПОЧЕСНИХ ВІДЗНАК!
,images/news/2010_1.jpg,""
fullnews.php?news=2010,,ЕКОЛОГІЧНА ІНІЦІАТИВА: ВОЛОНТЕРИ ЧДБК ВПРОВАДЖУЮТЬ ЕКО-АКЦІЮ З ПЕРЕРОБКИ ПЛАСТИКУ
,images/news/2011_1.jpg,""
fullnews.php?news=2011,,ВІДЗНАЧЕННЯ СТУДЕНТІВ-ПЕРШОКУРСНИКІВ ЗА АКТИВНУ ВОЛОНТЕРСЬКУ ДІЯЛЬНІСТЬ
,images/news/2012_1.jpg,""
fullnews.php?news=2012,,АМЕРИКАНСЬКЕ ВИДАННЯ ПРО НАС
,images/news/2008_1.jpg,""
fullnews.php?news=2008,,ВІДКРИТА ЛЕКЦІЯ «БІЗНЕС-АНАЛІТИКА ТА DATA-АНАЛІТИКА»
,images/news/2009_1.jpg,""
fullnews.php?news=2009,,ЕКСКУРСІЯ ДО ЧЕРКАСЬКОЇ МІСЬКОЇ РАДИ
,images/news/2007_1.jpg,""
fullnews.php?news=2007,,ЗАВЕРШЕННЯ 9 СЕЗОНУ IT KIДС
,images/news/2005_1.jpg,""
fullnews.php?news=2005,,"544 ТИС ГРН – МІСЯЧНИЙ СТИПЕНДІАЛЬНИЙ ФОНД 
ЧДБК У ТРАВНІ
"
,images/news/2006_1.jpg,""
fullnews.php?news=2006,,ЗУСТРІЧ З ПРЕДСТАВНИКАМИ УПРАВЛІННЯ ПОЛІЦІЇ ОХОРОНИ В ЧЕРКАСЬКІЙ ОБЛАСТІ
,images/news/2004_1.jpg,""
fullnews.php?news=2004,,ВІТАЄМО З ОБРАННЯМ ДО СКЛАДУ ПОЛІЦЕЙСЬКОЇ КОМІСІЇ!
,images/news/2003_1.jpg,""
fullnews.php?news=2003,,ЕКСКУРСІЯ ДО ІТ-КОМПАНІЇ 
,images/news/2000_1.jpg,""
fullnews.php?news=2000,,УЧАСНИКИ ІСТОРИЧНОГО КЛУБУ ПОБУВАЛИ НА ЕКСКУРСІЇ «СКІФСЬКЕ ЗОЛОТО ЧЕРКАЩИНИ»
,images/news/2001_1.jpg,""
fullnews.php?news=2001,,"ПЕРЕВЕДЕННЯ СТУДЕНТІВ НА МІСЦЯ, ЩО ФІНАНСУЮТЬСЯ ЗА РАХУНОК РЕГІОНАЛЬНОГО БЮДЖЕТУ"
,images/news/2002_1.jpg,""
fullnews.php?news=2002,,ВІТАЄМО ВОЛОНТЕРІВ ЧДБК З ЧЕРГОВОЮ ВІДЗНАКОЮ!
,images/news/1999_1.jpg,""
fullnews.php?news=1999,,ПРЕДСТАВЛЕННЯ ЧДБК НА МІЖНАРОДНОМУ УНІВЕРСИТЕТСЬКОМУ ТИЖНІ
,images/news/1986_1.jpg,""
fullnews.php?news=1986,,ВІКТОРИНА-МІКС «ПІЗНАЙ ЄВРОПУ»
,images/news/1987_1.jpg,""
fullnews.php?news=1987,,"ЕКСКУРСІЯ ДО АТ ""ПЕРШИЙ УКРАЇНСЬКИЙ МІЖНАРОДНИЙ БАНК"""
,images/news/1998_1.jpg,""
fullnews.php?news=1998,,ДЕНЬ ВІДКРИТИХ ДВЕРЕЙ У ЧДБК
,images/news/1985_1.jpg,""
fullnews.php?news=1985,,З ДНЕМ НАУКИ 
,images/news/1908_1.jpg,""
fullnews.php?news=1908,,ДЕНЬ ВІДКРИТИХ ДВЕРЕЙ 
,images/news/1983_1.jpg,""
fullnews.php?news=1983,,ЗАХОДИ ДО ДНЯ МАТЕРІ
,images/news/1984_1.jpg,""
fullnews.php?news=1984,,У ЧДБК ВІДБУЛИСЯ ПРОТИПОЖЕЖНІ ТРЕНУВАННЯ
,images/news/1981_1.jpg,""
fullnews.php?news=1981,,квест «Математичний травень» 
,images/news/1982_1.jpg,""
fullnews.php?news=1982,,БІЗНЕС-КОЛЕДЖ ВІДЗНАЧАЄ ВСЕСВІТНІЙ ДЕНЬ ВИШИВАНКИ
,images/news/1978_1.jpg,""
fullnews.php?news=1978,,МАЙСТЕР-КЛАС «ГНУЧКІ ТЕХНОЛОГІЇ УПРАВЛІННЯ ІТ-ПРОЄКТАМИ»
,images/news/1979_1.jpg,""
fullnews.php?news=1979,,ТРЕНІНГ З НАДАННЯ ПЕРШОЇ ДОМЕДИЧНОЇ ДОПОМОГИ
,images/news/1980_1.jpg,""
fullnews.php?news=1980,,БІЗНЕС-КОЛЕДЖ ПІДПИСАВ МЕМОРАНДУМ З НОВИМ СТЕЙКХОЛДЕРОМ АТ «ПУМБ»
,images/news/1977_1.jpg,""
fullnews.php?news=1977,,ЕКСПЕРТИ БІЗНЕС-КОЛЕДЖУ ВИЗНАЧАЛИ ПЕРЕМОЖЦІВ КОНКУРСУ З РОБОТОТЕХНІКИ
,images/news/1972_1.jpg,""
fullnews.php?news=1972,,«БЕЗМЕЖНО ДЯКУЮ ЗА ПРЕКРАСНІ РОКИ І ЗНАННЯ!» 
,images/news/1973_1.jpg,""
fullnews.php?news=1973,,"УСПІШНЕ ЗАВЕРШЕННЯ УНІКАЛЬНОГО АНГЛОМОВНОГО КУРСУ 
«ВСТУП ДО ГЛИБИННОГО НАВЧАННЯ»
"
,images/news/1974_1.jpg,""
fullnews.php?news=1974,,ПРОДОВЖУЄТЬСЯ ПІДТРИМКА ЗБРОЙНИХ СИЛ УКРАЇНИ! 
,images/news/1975_1.jpg,""
fullnews.php?news=1975,,ПРОФСПІЛКА ЧДБК ДОЛУЧИЛАСЯ ДО ВІДЗНАЧЕННЯ ЮВІЛЕЮ ВИДАТНОГО ДІЯЧА ЧЕРКАЩИНИ
,images/news/1971_1.jpg,""
fullnews.php?news=1971,,ПРОФСПІЛКА ЧДБК ДОЛУЧИЛАСЯ ДО БЛАГОДІЙНОГО КОНЦЕРТУ НА ДОПОМОГУ ЗСУ
,images/news/1969_1.jpg,""
fullnews.php?news=1969,,ПРЕЗЕНТАЦІЯ ФІНАЛЬНИХ ПРОЄКТІВ ЗІ СПЕЦІАЛІЗОВАНОГО КУРСУ «ВСТУП ДО ГЛИБИННОГО НАВЧАННЯ»
,images/news/1970_1.jpg,""
fullnews.php?news=1970,,З ФОНДУ ДОПОМОГИ ВОЇНАМ ЗСУ ВИДІЛИЛИ КОШТИ НА ПРИДБАННЯ СПЕЦІАЛЬНОГО ПЛАНШЕТУ ДЛЯ ВІЙСЬКОВИХ
,images/news/1976_1.jpg,""
fullnews.php?news=1976,,ЧЕРКАСЬКА ПРЕСА ПРО НАС
,images/news/1965_1.jpg,""
fullnews.php?news=1965,,ЗУСТРІЧ УЧАСНИКІВ ІСТОРИЧНОГО КЛУБУ З ВІДОМИМ КРАЄЗНАВЦЕМ
,images/news/1966_1.jpg,""
fullnews.php?news=1966,,СТУДЕНТСЬКИЙ ЧЕМПІОНАТ ЗІ СТРАТЕГІЧНОЇ БІЗНЕС-ГРИ «МОНОПОЛІЯ»
,images/news/1967_1.jpg,""
fullnews.php?news=1967,,ЕКСКУРСІЯ СТУДЕНТІВ-ЕКОНОМІСТІВ НА ПРАТ «ЮРІЯ»
,images/news/1968_1.jpg,""
fullnews.php?news=1968,,ОНЛАЙН ОЛІМПІАДА З ЕКОНОМІКИ
,images/news/1961_1.jpg,""
fullnews.php?news=1961,,ВІТАЄМО З ПОЧЕСНИМИ ВІДЗНАКАМИ!
,images/news/1962_1.jpg,""
fullnews.php?news=1962,,ВІТАЄМО З ПРИСУДЖЕННЯМ НАУКОВОГО СТУПЕНЯ ДОКТОРА ЕКОНОМІЧНИХ НАУК!
,images/news/1963_1.jpg,""
fullnews.php?news=1963,,СПОРТИВНИЙ ТИМБІЛДИНГ
,images/news/1964_1.jpg,""
fullnews.php?news=1964,,ЕКСПЕРТНА ОЦІНКА ТОРГОВИХ МАРОК ШОКОЛАДУ
,images/news/1960_1.jpg,""
fullnews.php?news=1960,,ЧЕРКАСЬКА ПРЕСА ПРО НАС
,images/news/1959_1.jpg,""
fullnews.php?news=1959,,ЕКСКУРСІЯ МАРКЕТОЛОГІВ НА ТОВ «МАНЕЖ»
,images/news/1958_1.jpg,""
fullnews.php?news=1958,,УНІВЕРСИТЕТ КЛАРКА (США) ПРО НАС
,images/news/1955_1.jpg,""
fullnews.php?news=1955,,ВІДКРИТА ЛЕКЦІЯ ПРО МОЖЛИВОСТІ ШТУЧНОГО ІНТЕЛЕКТУ «ТРАНСФОРМЕРИ»
,images/news/1956_1.jpg,""
fullnews.php?news=1956,,У БІЗНЕС-КОЛЕДЖІ РОЗПОЧАТО КАПІТАЛЬНИЙ РЕМОНТ
,images/news/1957_1.jpg,""
fullnews.php?news=1957,,ДЕНЬ ВІДКРИТИХ ДВЕРЕЙ
,images/news/1954_1.jpg,""
fullnews.php?news=1954,,КРУГЛИЙ СТІЛ «ІНСТРУМЕНТИ ШТУЧНОГО ІНТЕЛЕКТУ В МАРКЕТИНГУ»
,images/news/1951_1.jpg,""
fullnews.php?news=1951,,ОСВІТНЬО-СПОРТИВНЕ ЗМАГАННЯ ВІД НБУ –  #ШАХРАЙГУДБАЙ 
,images/news/1952_1.jpg,""
fullnews.php?news=1952,,ВРУЧЕННЯ ПОДЯК ЗА УЧАСТЬ У СОЦІАЛЬНІЙ ІНІЦІАТИВІ
,images/news/1953_1.jpg,""
fullnews.php?news=1953,,"543 ТИС ГРН – МІСЯЧНИЙ СТИПЕНДІАЛЬНИЙ ФОНД 
ЧДБК У КВІТНІ
"
,images/news/1949_1.jpg,""
fullnews.php?news=1949,,ВІТАЄМО З УСПІШНОЮ УЧАСТЮ В ОЛІМПІАДІ З ІНФОРМАТИКИ!
,images/news/1950_1.jpg,""
fullnews.php?news=1950,,ЕКСКУРСІЯ НА ТОВ «СВІТ ЛАСОЩІВ»
,images/news/1948_1.jpg,""
fullnews.php?news=1948,,СТУДЕНТИ ТА ВИКЛАДАЧІ ВІДВІДАЛИ ЧЕРКАСЬКИЙ ДРАМАТИЧНИЙ ТЕАТР
,images/news/1944_1.jpg,""
fullnews.php?news=1944,,СТУДЕНТИ БІЗНЕС-КОЛЕДЖУ ПРИЄДНАЛИСЯ ДО СВІТОВОЇ ІНІЦІАТИВИ З ОЗЕЛЕНЕННЯ ПЛАНЕТИ
,images/news/1945_1.jpg,""
fullnews.php?news=1945,,ТОВАРИСЬКИЙ МАТЧ З ВОЛЕЙБОЛУ: ВИКЛАДАЧІ ПРОТИ СТУДЕНТІВ
,images/news/1946_1.jpg,""
fullnews.php?news=1946,,ВИВЧАЄМО УКРАЇНСЬКІ ТРАДИЦІЇ І КУЛЬТУРУ: УЧАСНИКИ ІСТОРИЧНОГО КЛУБУ ВІДВІДАЛИ МУЗЕЙ РУШНИКА
,images/news/1947_1.jpg,""
fullnews.php?news=1947,,УЧАСТЬ У МІЖНАРОДНІЙ НАУКОВО-ПРАКТИЧНІЙ КОНФЕРЕНЦІЇ НА БАЗІ УНІВЕРСИТЕТУ ІСМА
,images/news/1940_1.jpg,""
fullnews.php?news=1940,,ХV НАУКОВО-ПРАКТИЧНА КОНФЕРЕНЦІЯ «ТЕНДЕНЦІЇ ТА ПЕРСПЕКТИВИ РОЗВИТКУ ЕКОНОМІКИ УКРАЇНИ В УМОВАХ СУЧАСНИХ ВИКЛИКІВ»
,images/news/1941_1.jpg,""
fullnews.php?news=1941,,ВІТАЄМО ПЕРЕМОЖЦІВ ТУРНІРУ З ВОЛЕЙБОЛУ!
,images/news/1942_1.jpg,""
fullnews.php?news=1942,,РАЗОМ ДО ПЕРЕМОГИ! З ФОНДУ ПІДТРИМКИ ВОЇНІВ ЗСУ ВИДІЛЯТЬ КОШТИ ДЛЯ ПРИДБАННЯ АВТО НА ФРОНТ
,images/news/1943_1.jpg,""
fullnews.php?news=1943,,ДИЗАЙНЕРИ ЧДБК ДОЛУЧИЛИСЯ ДО МІСЬКОГО ВЕЛИКОДНЬОГО ФЕСТИВАЛЮ 
,images/news/1937_1.jpg,""
fullnews.php?news=1937,,ВІДКРИТА ЛЕКЦІЯ «ОБРОБКА БІОСИГНАЛІВ НА ОСНОВІ ГЛИБИННОГО НАВЧАННЯ»
,images/news/1938_1.jpg,""
fullnews.php?news=1938,,ВІТАЄМО З УСПІШНИМ ПРОХОДЖЕННЯМ ЧЕРГОВОЇ АТЕСТАЦІЇ!
,images/news/1936_1.jpg,""
fullnews.php?news=1936,,КОНКУРС СОЦІАЛЬНОЇ ТА КОМЕРЦІЙНОЇ ВІДЕОРЕКЛАМИ
,images/news/1934_1.jpg,""
fullnews.php?news=1934,,ВІДКРИТА ЛЕКЦІЯ ЩОДО ПОПЕРЕДЖЕННЯ РИЗИКІВ ВІД ВИБУХОНЕБЕЗПЕЧНИХ ПРЕДМЕТІВ
,images/news/1935_1.jpg,""
fullnews.php?news=1935,,СВІТЛА НАДІЯ ВЕЛИКОДНЯ: ВОЛОНТЕРИ ЧДБК ПРИВІТАЛИ РОДИНИ ПЕРЕСЕЛЕНЦІВ З М.СЄВЄРОДОНЕЦЬК
,images/news/1933_1.jpg,""
fullnews.php?news=1933,,Привітання з нагоди Великодня
,images/news/1932_1.jpg,""
fullnews.php?news=1932,,ВЕЛИКОДНІ ПОДАРУНКИ ДЛЯ СТУДЕНТІВ: ДОПОМОГА ТА ПІДТРИМКА ВІД ЗАКОРДОННИХ ПАРТНЕРІВ БІЗНЕС-КОЛЕДЖУ
,images/news/1930_1.jpg,""
fullnews.php?news=1930,,ТРЕНІНГ-ПРАКТИКУМ З ОЦІНКИ КОНКУРЕНТОСПРОМОЖНОСТІ ПРОДУКЦІЇ ВІД «BUSINESS CLUB»
,images/news/1931_1.jpg,""
fullnews.php?news=1931,,ЗАХОДИ ДО МІЖНАРОДНОГО ДНЯ ПОЛЬОТУ ЛЮДИНИ В КОСМОС
,images/news/1928_1.jpg,""
fullnews.php?news=1928,,ГОСТЬОВА ЛЕКЦІЯ З ПРАКТИКУЮЧИМ МАРКЕТОЛОГОМ
,images/news/1929_1.jpg,""
fullnews.php?news=1929,,СТУДЕНТИ НАВЧАЛИСЯ МИСТЕЦТВА ПРЕЗЕНТАЦІЇ БРЕНДІВ
,images/news/1926_1.jpg,""
fullnews.php?news=1926,,ЕКСКУРСІЯ НА ТОВ «ШВЕЙНА ФАБРИКА ВІД»
,images/news/1927_1.jpg,""
fullnews.php?news=1927,,НАУКОВЦІ ЧДБК ОТРИМАЛИ АВТОРСЬКІ ПРАВА НА ОПУБЛІКОВАНУ СТАТТЮ 
,images/news/1925_1.jpg,""
fullnews.php?news=1925,,СЕРІЯ МАЙСТЕР-КЛАСІВ З ПИСАНКАРСТВА
,images/news/1924_1.jpg,""
fullnews.php?news=1924,,ВІДКРИТА ЗУСТРІЧ З ЕКСПЕРТАМИ НАЗЯВО
,images/news/1923_1.jpg,""
fullnews.php?news=1923,,У БІЗНЕС-КОЛЕДЖІ СТВОРИЛИ ФОНД ПІДТРИМКИ ВОЇНІВ ЗСУ
,images/news/1922_1.jpg,""
fullnews.php?news=1922,,СПОРТИВНИЙ ТИМБІЛДИНГ ОРГАНІЗУВАЛА СТУДЕНТСЬКА РАДА БІЗНЕС-КОЛЕДЖУ
,images/news/1919_1.jpg,""
fullnews.php?news=1919,,ВІТАЄМО КОЛЕГ З ВРУЧЕННЯМ ПОЧЕСНИХ ВІДЗНАК!
,images/news/1920_1.jpg,""
fullnews.php?news=1920,,У БІЗНЕС-КОЛЕДЖІ ВІДБУЛАСЯ РОБОЧА ЗУСТРІЧ З НАРОДНИМ ДЕПУТАТОМ УКРАЇНИ ЛЮБОВ’Ю ШПАК
,images/news/1918_1.jpg,""
fullnews.php?news=1918,,ВІТАЄМО З ПРИСВОЄННЯМ КВАЛІФІКАЦІЙНИХ КАТЕГОРІЙ!
,images/news/1921_1.jpg,""
fullnews.php?news=1921,,ЗАСІДАНННЯ ВЧЕНОЇ РАДИ
,images/news/1916_1.jpg,""
fullnews.php?news=1916,,НОВІ ЄВРОПЕЙСЬКІ ПАРТНЕРИ БІЗНЕС-КОЛЕДЖУ!
,images/news/1914_1.jpg,""
fullnews.php?news=1914,,"536 ТИС ГРН – МІСЯЧНИЙ СТИПЕНДІАЛЬНИЙ ФОНД 
ЧДБК У БЕРЕЗНІ
"
,images/news/1915_1.jpg,""
fullnews.php?news=1915,,ТРИВАЄ АНГЛОМОВНИЙ КУРС  «ВСТУП ДО ГЛИБИННОГО НАВЧАННЯ»
,images/news/1917_1.jpg,""
fullnews.php?news=1917,,УКРАЇНСЬКІ ВЧЕНІ МАЮТЬ ЗМОГУ БЕЗКОШТОВНО ПУБЛІКУВАТИ СТАТТІ У ЖУРНАЛАХ ВИДАВНИЦТВА «BENTHAM SCIENCE PUBLISHERS»
,images/news/1913_1.jpg,""
fullnews.php?news=1913,,ПСИХОЛОГІЧНИЙ ТРЕНІНГ ДЛЯ СТУДЕНТІВ БІЗНЕС-КОЛЕДЖУ
,images/news/1912_1.jpg,""
fullnews.php?news=1912,,ВИКЛАДАЧ КОЛЕДЖУ ВИСТУПИЛА НА КОНФЕРЕЦІЇ З ТЕМОЮ ПРО ПЕРЕКЛАДАЦЬКІ МОЖЛИВОСТІ CHATGPT
,images/news/1910_1.jpg,""
fullnews.php?news=1910,,НОВИЙ ВЕКТОР РОЗВИТКУ ОСВІТНЬОЇ ДІЯЛЬНОСТІ ЧДБК
,images/news/1909_1.jpg,""
fullnews.php?news=1909,,ЗУСТРІЧ СТУДЕНТІВ БІЗНЕС-КОЛЕДЖУ З НАРОДНИМ ДЕПУТАТОМ УКРАЇНИ
,images/news/1911_1.jpg,""
fullnews.php?news=1911,,ХV СТУДЕНТСЬКА НАУКОВО-ПРАКТИЧНА КОНФЕРЕНЦІЯ «ТЕНДЕНЦІЇ РОЗВИТКУ ІТ-ТЕХНОЛОГІЙ В УКРАЇНІ»
,images/news/1906_1.jpg,""
fullnews.php?news=1906,,КОНКУРС ЧИТЦІВ ПАТРІОТИЧНОЇ ПОЕЗІЇ 
,images/news/1907_1.jpg,""
fullnews.php?news=1907,,ДЕНЬ ПОЕЗІЇ В ЧДБК
,images/news/1904_1.jpg,""
fullnews.php?news=1904,,"Вітання із захистом докторської дисертації!
"
,images/news/1905_1.jpg,""
fullnews.php?news=1905,,ПРОДОВЖУЄТЬСЯ СЕРІЯ ВІДКРИТИХ ЛЕКЦІЙ «СТУД ІТ ОПЕН»
,images/news/1902_1.jpg,""
fullnews.php?news=1902,,ТРЕНІНГ З НАДАННЯ ПЕРШОЇ ДОМЕДИЧНОЇ ДОПОМОГИ
,images/news/1903_1.jpg,""
fullnews.php?news=1903,,ДЕНЬ ВІДКРИТИХ ДВЕРЕЙ – У ЧДБК АНШЛАГ
,images/news/1901_1.jpg,""
fullnews.php?news=1901,,"ВРУЧЕННЯ ДИПЛОМІВ ВИПУСКНИКАМ УНІВЕРСИТЕТУ ПРИКЛАДНИХ НАУК ISMA (М.РИГА, ЛАТВІЯ)"
,images/news/1895_1.jpg,""
fullnews.php?news=1895,,РЕЗУЛЬТАТИ ПУБЛІЧНОГО КОНКУРСУ НА УЧАСТЬ У ПРОГРАМІ ЕРАЗМУС+ КА171
,images/news/1896_1.jpg,""
fullnews.php?news=1896,,Знання завжди в ціні: Турцевич Юлія
,images/news/1900_1.jpg,""
fullnews.php?news=1900,,ВІДКРИТТЯ IT KIДС 9 СЕЗОН
,images/news/1894_1.jpg,""
fullnews.php?news=1894,,ВОЛОНТЕРИ ЧДБК ДОПОМОГЛИ ОТРИМАТИ ЧЕРГОВУ ГУМАНІТАРКУ ВІД ЮНІСЕФ
,images/news/1893_1.jpg,""
fullnews.php?news=1893,,МАЙСТЕР-КЛАС З РОЗПИСУ ЕКО-СУМОК ВІД ВОЛОНТЕРІВ ЧДБК
,images/news/1890_1.jpg,""
fullnews.php?news=1890,,ДЕНЬ ПАМ‘ЯТІ ТАРАСА ГРИГОРОВИЧА ШЕВЧЕНКА
,images/news/1891_1.jpg,""
fullnews.php?news=1891,,ОПРИЛЮДНЕНО ЗВІТ Т.В.О. ДИРЕКТОРА ЧЕРКАСЬКОГО ДЕРЖАВНОГО БІЗНЕС-КОЛЕДЖУ ОЛЕГА КУКЛІНА
,images/news/1892_1.jpg,""
fullnews.php?news=1892,,«КОЛЕДЖ У МІЖНАРОДНИХ РЕЙТИНГАХ» – НОВА ВКЛАДКА НА САЙТІ ЧДБК 
,images/news/1888_1.jpg,""
fullnews.php?news=1888,,ПРИВІТАННЯ З НАГОДИ МІЖНАРОДНОГО ЖІНОЧОГО ДНЯ
,images/news/1884_1.jpg,""
fullnews.php?news=1884,,БІЗНЕС-КОЛЕДЖ ДОДАТКОВО ОТРИМАЄ 2 МЛН ГРИВЕНЬ
,images/news/1885_1.jpg,""
fullnews.php?news=1885,,МІНІСТЕРСТВО ОСВІТИ І НАУКИ УКРАЇНИ ПРО СТУДЕНТА ЧДБК
,images/news/1886_1.jpg,""
fullnews.php?news=1886,,ВІТАЄМО З ВІДЗНАКАМИ!
,images/news/1887_1.jpg,""
fullnews.php?news=1887,,ПОДЯКА ВОЛОНТЕРАМ ЧДБК
,images/news/1889_1.jpg,""
fullnews.php?news=1889,,На покуті душі – Україна
,images/news/1882_1.jpg,""
fullnews.php?news=1882,,"529 ТИС ГРН – МІСЯЧНИЙ СТИПЕНДІАЛЬНИЙ ФОНД 
ЧДБК У ЛЮТОМУ
"
,images/news/1883_1.jpg,""
fullnews.php?news=1883,,ЗАСІДАННЯ НАУКОВОЇ РАДИ ЧДБК
,images/news/1880_1.jpg,""
fullnews.php?news=1880,,"ПУБЛІЧНИЙ КОНКУРС 
НА УЧАСТЬ У ПРОГРАМІ ЕРАЗМУС+ КА171
"
,images/news/1881_1.jpg,""
fullnews.php?news=1881,,ДУША У СЛОВА НА СТОРОЖІ
,images/news/1878_1.jpg,""
fullnews.php?news=1878,,ПЕРШІ ЗАНЯТТЯ АНГЛОМОВНОГО КУРСУ ДЛЯ АЙТІВЦІВ
,images/news/1879_1.jpg,""
fullnews.php?news=1879,,ЧДБК – ЄДИНИЙ КОЛЕДЖ В ЗАГАЛЬНОСВІТОВОМУ РЕЙТИНГУ AD SCIENTIFIC INDEX – 2023
,images/news/1876_1.jpg,""
fullnews.php?news=1876,,ВИПУСК СТУДЕНТІВ ЗАОЧНОЇ ФОРМИ НАВЧАННЯ!
,images/news/1877_1.jpg,""
fullnews.php?news=1877,,"XV ВСЕУКРАЇНСЬКА НАУКОВО-ПРАКТИЧНА КОНФЕРЕНЦІЯ «ТЕНДЕНЦІЇ ТА ПЕРСПЕКТИВИ РОЗВИТКУ ЕКОНОМІКИ УКРАЇНИ В УМОВАХ СУЧАСНИХ ВИКЛИКІВ»

"
,images/news/1875_1.jpg,""
fullnews.php?news=1875,,IT KIДС 9 СЕЗОН
,images/news/1874_1.jpg,""
fullnews.php?news=1874,,ХV Студентська науково-практична конференція «Тенденції розвитку ІТ-технологій в Україні»
,images/news/1873_1.jpg,""
fullnews.php?news=1873,,ДЕПУТАТ ЧЕРКАСЬКОЇ ОБЛАСНОЇ РАДИ ОЛЕГ КУКЛІН ВРУЧИВ ПОСВІДЧЕННЯ ПОМІЧНИКІВ-КОНСУЛЬТАНТІВ
,images/news/1871_1.jpg,""
fullnews.php?news=1871,,СТУДЕНТИ ЧДБК ПРИСТУПИЛИ ДО НАВЧАННЯ В РИЗІ
,images/news/1872_1.jpg,""
fullnews.php?news=1872,,ОКОПНІ СВІЧКИ ДЛЯ ЗСУ!
,images/news/1870_1.jpg,""
fullnews.php?news=1870,,ДО УВАГИ СТУДЕНТІВ ТА ВИКЛАДАЧІВ!
,images/news/1869_1.jpg,""
fullnews.php?news=1869,,ПРОФЕСОР ОЛЕГ КУКЛІН ПРОТЕСТУВАВ CHATGPT
,images/news/1867_1.jpg,""
fullnews.php?news=1867,,"СТУДЕНТ БІЗНЕС-КОЛЕДЖУ ПРОЙШОВ ПРАКТИКУ
У ПАРЛАМЕНТІ ВЕЛИКОБРИТАНІЇ
"
,images/news/1868_1.jpg,""
fullnews.php?news=1868,,ПІДПИСАНО МЕМОРАНДУМ ПРО СПІВПРАЦЮ З НАЙБІЛЬШОЮ У СВІТІ МОЛОДІЖНОЮ ОРГАНІЗАЦІЄЮ
,images/news/1866_1.jpg,""
fullnews.php?news=1866,,БЛАГОДІЙНА АКЦІЯ ДЛЯ ДІТЕЙ З ОСОБЛИВИМИ ПОТРЕБАМИ ВІДБУЛАСЯ У БІЗНЕС-КОЛЕДЖІ ДО ДНЯ ВСІХ ЗАКОХАНИХ
,images/news/1864_1.jpg,""
fullnews.php?news=1864,,БІЗНЕС-КОЛЕДЖ НЕ БУДЕ ПРОВОДИТИ ПОВНУ ІНДЕКСАЦІЮ ОПЛАТИ ЗА НАВЧАННЯ ЧЕРЕЗ ІНФЛЯЦІЮ
,images/news/1865_1.jpg,""
fullnews.php?news=1865,,НОВИЙ УНІКАЛЬНИЙ АНГЛОМОВНИЙ КУРС ДЛЯ АЙТІВЦІВ
,images/news/1863_1.jpg,""
fullnews.php?news=1863,,МАЙСТЕР-КЛАС ДЛЯ ДІТЕЙ З ВНУТРІШНЬО ПЕРЕМІЩЕНИХ СІМЕЙ ДО ДНЯ СВЯТОГО ВАЛЕНТИНА
,images/news/1862_1.jpg,""
fullnews.php?news=1862,,СТУДЕНТИ БІЗНЕС-КОЛЕДЖУ ОТРИМАЛИ БАЗОВІ ЗНАННЯ З ТАКТИЧНОЇ МЕДИЦИНИ ТА МІННОЇ БЕЗПЕКИ
,images/news/1861_1.jpg,""
fullnews.php?news=1861,,БІЗНЕС-КОЛЕДЖ УВІЙШОВ ДО ТОП-100 КРАЩИХ УНІВЕРСИТЕТІВ УКРАЇНИ
,images/news/1860_1.jpg,""
fullnews.php?news=1860,,ІСТОРИЧНИЙ ЕКСКУРС «КАЛЕНДАР ЗНАМЕННИХ ПОДІЙ СІЧНЯ»
,images/news/1859_1.jpg,""
fullnews.php?news=1859,,ВІТАЄМО СТУДЕНТІВ БІЗНЕС-КОЛЕДЖУ З УСПІШНИМ ПРОХОДЖЕННЯМ У ПІВФІНАЛ ВІДБОРУ ГРАНТОВОЇ ПРОГРАМИ «ІНІЦІАТИВА МІСЦЕВИХ КОЛЕДЖІВ» ВІД ДЕРЖДЕПУ США
,images/news/1830_1.jpg,""
fullnews.php?news=1830,,"ЗИМОВИЙ НАБІР ДО УНІВЕРСИТЕТУ ПРИКЛАДНИХ НАУК ISMA (М.РИГА, ЛАТВІЯ)"
,images/news/1857_1.jpg,""
fullnews.php?news=1857,,515 ТИС ГРН – МІСЯЧНИЙ СТИПЕНДІАЛЬНИЙ ФОНД ЧДБК У СІЧНІ
,images/news/1858_1.jpg,""
fullnews.php?news=1858,,ПРО ОРГАНІЗАЦІЮ ОСВІТНЬОГО ПРОЦЕСУ З 06 ЛЮТОГО
,images/news/1856_1.jpg,""
fullnews.php?news=1856,,"ВІТАЄМО З ОТРИМАННЯМ ВІДЗНАКИ ГОЛОВНОКОМАНДУВАЧА ЗБРОЙНИХ СИЛ УКРАЇНИ ВАЛЕРІЯ ЗАЛУЖНОГО

"
,images/news/1855_1.jpg,""
fullnews.php?news=1855,,ПОЧАТОК НАВЧАННЯ У ІІ СЕМЕСТРІ 2022-2023 Н.Р. ДЛЯ СТУДЕНТІВ 3 КУРСУ
,images/news/1853_1.jpg,""
fullnews.php?news=1853,,ОБЛАСНИЙ СЕМІНАР СТОСОВНО АКРЕДИТАЦІЇ ОСВІТНЬО-ПРОФЕСІЙНИХ ПРОГРАМ ФАХОВОЇ ПЕРЕДВИЩОЇ ОСВІТИ ВІДБУВСЯ НА БАЗІ ЧДБК
,images/news/1854_1.jpg,""
fullnews.php?news=1854,,НАСТАНОВЧА ЗУСТРІЧ ЗІ СТУДЕНТАМИ НА ВИРОБНИЧУ ПРАКТИКУ
,images/news/1852_1.jpg,""
fullnews.php?news=1852,,ВІТАЄМО З ВІДЗНАКАМИ!
,images/news/1850_1.jpg,""
fullnews.php?news=1850,,НОВІ МОЖЛИВОСТІ МІЖНАРОДНОЇ СПІВПРАЦІ
,images/news/1851_1.jpg,""
fullnews.php?news=1851,,ВІТАЄМО З УСПІШНИМ ЗАХИСТОМ МАГІСТЕРСЬКИХ РОБІТ У ЄВРОПЕЙСЬКОМУ УНІВЕРСИТЕТІ ПРИКЛАДНИХ НАУК ISMA!
,images/news/1849_1.jpg,""
fullnews.php?news=1849,,Результати конкурсного відбору студентів для програми академічної мобільності «Еразмус+» 
,images/news/1848_1.jpg,""
fullnews.php?news=1848,,"ВІТАЄМО З ДНЕМ НАРОДЖЕННЯ!
"
,images/news/1847_1.jpg,""
fullnews.php?news=1847,,НАЧАЛЬНИК ЧЕРКАСЬКОЇ ОБЛАСНОЇ ВІЙСЬКОВОЇ АДМІНІСТРАЦІЇ ВІДВІДАВ ЧДБК.
,images/news/1846_1.jpg,""
fullnews.php?news=1846,,Волонтери ЧДБК завітали до Центру комплексної реабілітації «Жага життя»
,images/news/1845_1.jpg,""
fullnews.php?news=1845,,Зимовий онлайн MriyDiy Project Camp
,images/news/1844_1.jpg,""
fullnews.php?news=1844,,Вітання директора з Новим Роком!
,images/news/1843_1.jpg,""
fullnews.php?news=1843,,БІЗНЕС-КОЛЕДЖ ПІДПИСАВ МЕМОРАНДУМ ПРО СПІВПРАЦЮ З ДЕПАРТАМЕНТОМ КІБЕРПОЛІЦІЇ НАЦІОНАЛЬНОЇ ПОЛІЦІЇ УКРАЇНИ
,images/news/1841_1.jpg,""
fullnews.php?news=1841,,ЗАСІДАННЯ ВЧЕНОЇ РАДИ
,images/news/1842_1.jpg,""
fullnews.php?news=1842,,"ВІТАЄМО СТИПЕНДІАТІВ 
ЧЕРКАСЬКОГО ДЕРЖАВНОГО БІЗНЕС-КОЛЕДЖУ
"
,images/news/1840_1.jpg,""
fullnews.php?news=1840,,"КОНФЕРЕНЦІЯ ТРУДОВОГО КОЛЕКТИВУ 
ЧЕРКАСЬКОГО ДЕРЖАВНОГО БІЗНЕС-КОЛЕДЖУ
"
,images/news/1838_1.jpg,""
fullnews.php?news=1838,,ЗАСІДАННЯ НАУКОВОЇ РАДИ ЧДБК
,images/news/1839_1.jpg,""
fullnews.php?news=1839,,ВИКЛАДАЧ ЧДБК АКТИВНО ДОЛУЧАЄТЬСЯ ДО БЛАГОДІЙНОЇ ДІЯЛЬНОСТІ НА ПІДТРИМКУ ЗСУ
,images/news/1836_1.jpg,""
fullnews.php?news=1836,,"ВОЛОНТЕРИ ЧДБК ПРИДБАЛИ АМУНІЦІЮ ДЛЯ БАТЬКА СТУДЕНТКИ, ЩО ВОЮЄ НА ФРОНТІ"
,images/news/1837_1.jpg,""
fullnews.php?news=1837,,ЗАВЕРШЕННЯ ВОСЬМОГО СЕЗОНУ IT KIDS
,images/news/1834_1.jpg,""
fullnews.php?news=1834,,ВІТАЄМО З ПЕРЕМОГОЮ!
,images/news/1835_1.jpg,""
fullnews.php?news=1835,,ПІДСУМКИ БЛАГОДІЙНОЇ ІНІЦІАТИВИ ПРОФКОМУ ЧДБК
,images/news/1831_1.jpg,""
fullnews.php?news=1831,,ВІТАЄМО З ОТРИМАННЯМ ПОЧЕСНОЇ ВІДЗНАКИ!
,images/news/1832_1.jpg,""
fullnews.php?news=1832,,"РОБИМО ДОБРІ СПРАВИ РАЗОМ!
ВОЛОНТЕРИ ЧДБК ВІДВІДАЛИ ДІТЕЙ ІЗ СЄВЄРОДОНЕЦЬКА
"
,images/news/1833_1.jpg,""
fullnews.php?news=1833,,УНІКАЛЬНИЙ СПІЛЬНИЙ ПРОЄКТ ЧДБК ТА ІТ-КОМПАНІЇ TRIARE
,images/news/1828_1.jpg,""
fullnews.php?news=1828,,НАВЧАННЯ У США: ПРОГРАМА «ІНІЦІАТИВА МІСЦЕВИХ КОЛЕДЖІВ»(CCI)
,images/news/1829_1.jpg,""
fullnews.php?news=1829,,СТУДЕНТСЬКІ ДЕБАТИ «ХТО УСПІШНІЙШИЙ В БІЗНЕСІ: «ЧОЛОВІКИ ПРОТИ ЖІНОК» ВІД БІЗНЕС КЛУБУ
,images/news/1826_1.jpg,""
fullnews.php?news=1826,,ПЕРШИЙ ЗАСТУПНИК ДИРЕКТОРА НАДІЯ АЗЬМУК ВИГРАЛА ГРАНТ НА СТАЖУВАННЯ У НІМЕЧЧИНІ З КІБЕРБЕЗПЕКИ
,images/news/1827_1.jpg,""
fullnews.php?news=1827,,ВИДІЛЕНО ДОДАТКОВІ МІСЦЯ РЕГІОНАЛЬНОГО ЗАМОВЛЕННЯ ДЛЯ ОСОБЛИВИХ КАТЕГОРІЙ ЗДОБУВАЧІВ ОСВІТИ
,images/news/1824_1.jpg,""
fullnews.php?news=1824,,ДЕНЬ МІСЦЕВОГО САМОВРЯДУВАННЯ & ШКОЛА МОЛОДОГО ЛІДЕРА ЧДБК
,images/news/1825_1.jpg,""
fullnews.php?news=1825,,ТРЕНІНГ З ЦИФРОВОГО ЕТИКЕТУ ДЛЯ УЧАСНИКІВ ШКОЛИ МОЛОДОГО ЛІДЕРА
,images/news/1823_1.jpg,""
fullnews.php?news=1823,,ЕКСКУРСІЯ ДО ГОЛОВНОГО УПРАВЛІННЯ ДЕРЖАВНОЇ ПОДАТКОВОЇ СЛУЖБИ У ЧЕРКАСЬКІЙ ОБЛАСТІ
,images/news/1821_1.jpg,""
fullnews.php?news=1821,,Привітання Президента із Днем Збройних Сил України!
,images/news/1822_1.jpg,""
fullnews.php?news=1822,,"ПІДСУМКИ БЛАГОДІЙНОГО ОНЛАЙН-АУКЦІОНУ 
ЗІ ЗБОРУ КОШТІВ НА ДОПОМОГУ ЗСУ – ЗІБРАНО 6096 ГРН
"
,images/news/1820_1.jpg,""
fullnews.php?news=1820,,З Міжнародним днем волонтера!
,images/news/1818_1.jpg,""
fullnews.php?news=1818,,"ВІТАЄМО З ВРУЧЕННЯМ ДЕРЖАВНОЇ НАГОРОДИ 
«ЗАСЛУЖЕНИЙ ПРАЦІВНИК ОСВІТИ УКРАЇНИ»!
"
,images/news/1819_1.jpg,""
fullnews.php?news=1819,,"Вітаємо Максима БОГУНА
з отриманням Почесної грамоти Черкаської ОВА
"
,images/news/1817_1.jpg,""
fullnews.php?news=1817,,"СТИПЕНДІАЛЬНИЙ ФОНД ЧДБК ЗА ЛИСТОПАД СКЛАВ 0,532 МЛН ГРН"
,images/news/1815_1.jpg,""
fullnews.php?news=1815,,ВІТАЄМО ВІТАЛІЯ ВІТРЯКА – НОВООБРАНОГО ГОЛОВУ СТУДЕНТСЬКОЇ РАДИ ЧДБК!
,images/news/1816_1.jpg,""
fullnews.php?news=1816,,"Пілотний проєкт з добровільного медичного страхування 
для студентської молоді
"
,images/news/1814_1.jpg,""
fullnews.php?news=1814,,БЛАГОДІЙНИЙ ОНЛАЙН АУКЦІОН ЗІ ЗБОРУ КОШТІВ НА ДОПОМОГУ ЗСУ
,images/news/1812_1.jpg,""
fullnews.php?news=1812,,Завершення курсу «Основи кібербезпеки»
,images/news/1813_1.jpg,""
fullnews.php?news=1813,,Особливі умови медичного страхування для студентів ЧДБК
,images/news/1810_1.jpg,""
fullnews.php?news=1810,,Підсумки змагань з настільного тенісу
,images/news/1811_1.jpg,""
fullnews.php?news=1811,,Розпочато заліково-екзаменаційну сесію
,images/news/1808_1.jpg,""
fullnews.php?news=1808,,КІБЕРБЕЗПЕКА В УМОВАХ ВІЙНИ
,images/news/1809_1.jpg,""
fullnews.php?news=1809,,"Урок мужності до Дня Гідності та Свободи 
«Україна – країна нескорених!»
"
,images/news/1807_1.jpg,""
fullnews.php?news=1807,,Звіт про витрати на допомогу  ЗСУ
,images/news/1806_1.jpg,""
fullnews.php?news=1806,,ВІДКРИТА ЛЕКЦІЯ ВІД САНТА-ФЕ КОЛЕДЖУ 
,images/news/1803_1.jpg,""
fullnews.php?news=1803,,РОБОЧИЙ ВІЗИТ ОЧІЛЬНИКА ЧЕРКАСЬКОЇ ОБЛАСНОЇ ВІЙСЬКОВОЇ АДМІНІСТРАЦІЇ ІГОРЯ ТАБУРЦЯ
,images/news/1805_1.jpg,""
fullnews.php?news=1805,,ЗАСІДАННЯ ІСТОРИЧНОГО КЛУБУ ЧДБК В ОБЛАСНОМУ КРАЄЗНАВЧОМУ МУЗЕЇ
,images/news/1804_1.jpg,""
fullnews.php?news=1804,,ВІТАЄМО ЧЕМПІОНІВ З ВОЛЕЙБОЛУ!
,images/news/1801_1.jpg,""
fullnews.php?news=1801,,СТУДЕНТИ ЧДБК ДІЗНАВАЛИСЯ ПРО МАРКЕТИНГОВІ ТРЕНДИ ВІД ВІДОМИХ УКРАЇНСЬКИХ КОМПАНІЙ
,images/news/1802_1.jpg,""
fullnews.php?news=1802,,МІЖНАРОДНИЙ ДЕНЬ СТУДЕНТІВ 2022
,images/news/1799_1.jpg,""
fullnews.php?news=1799,,"З МІЖНАРОДНИМ ДНЕМ СТУДЕНТА!
"
,images/news/1800_1.jpg,""
fullnews.php?news=1800,,ЗАСІДАННЯ ГОЛІВ СТУДЕНТСЬКИХ РАД ЧЕРКАЩИНИ
,images/news/1796_1.jpg,""
fullnews.php?news=1796,,КОНКУРС НА ОТРИМАННЯ СТИПЕНДІЙ НА НАВЧАННЯ В РАМКАХ «ЕРАЗМУС+» 
,images/news/1797_1.jpg,""
fullnews.php?news=1797,,"УСПІШНЕ ЗАВЕРШЕННЯ АМЕРИКАНСЬКОГО КУРСУ
«ОСНОВИ ЕФЕКТИВНОЇ КОМУНІКАЦІЇ»
"
,images/news/1798_1.jpg,""
fullnews.php?news=1798,,НОВИЙ КУРС ІНТЕРАКТИВНИХ ЗАНЯТЬ З НОСІЄМ АНГЛІЙСЬКОЇ МОВИ
,images/news/1793_1.jpg,""
fullnews.php?news=1793,,ШЕВЧЕНКОВЕ ПРОРОЧЕ СЛОВО КРІЗЬ ВІКИ НЕ ВТРАЧАЄ СВОЮ АКТУАЛЬНІСТЬ
,images/news/1794_1.jpg,""
fullnews.php?news=1794,,207 ТИС ГРН – ПОГАШЕНО ЗАБОРГОВАНІСТЬ ПО СТИПЕНДІАЛЬНОМУ ФОНДУ ЗА ЖОВТЕНЬ
,images/news/1795_1.jpg,""
fullnews.php?news=1795,,"ЗАСІДАННЯ МАРКЕТИНГОВОГО КЛУБУ НА ТЕМУ
«КАР’ЄРА У СФЕРІ МІЖНАРОДНОЇ ЛОГІСТИКИ»
"
,images/news/1791_1.jpg,""
fullnews.php?news=1791,,КРУГЛИЙ СТІЛ «ЗМІНА ПОВЕДІНКИ СПОЖИВАЧІВ В УМОВАХ ВОЄННОГО СТАНУ»
,images/news/1789_1.jpg,""
fullnews.php?news=1789,,ІНТЕЛЕКТУАЛЬНА ФІНАНСОВА ГРА «НАЙРОЗУМНІШИЙ»
,images/news/1790_1.jpg,""
fullnews.php?news=1790,,ВОЛОНТЕРИ ЧДБК ДОПОМОГЛИ ОТРИМАТИ ГУМАНІТАРКУ ВІД ЮНІСЕФ
,images/news/1787_1.jpg,""
fullnews.php?news=1787,,КУРСИ АНГЛІЙСЬКОЇ МОВИ ДЛЯ ВИКЛАДАЧІВ
,images/news/1788_1.jpg,""
fullnews.php?news=1788,,МОВНИЙ ЛАБІРИНТ «КОРІННЯ І КРОНА РІДНОЇ МОВИ»
,images/news/1792_1.jpg,""
fullnews.php?news=1792,,«STUD IT OPEN»
,images/news/1786_1.jpg,""
fullnews.php?news=1786,,РАДІОДИКТАНТ НАЦІОНАЛЬНОЇ ЄДНОСТІ-2022
,images/news/1785_1.jpg,""
fullnews.php?news=1785,,БЛАГОДІЙНИЙ ЯРМАРОК НА ПІДТРИМКУ ЗСУ – ЗІБРАНО 30 520 ГРН!
,images/news/1782_1.jpg,""
fullnews.php?news=1782,,ЗАСІДАННЯ ІСТОРИЧНОГО КЛУБУ ЧДБК НА ТЕМУ УКРАЇНСЬКОГО КОЗАЦТВА
,images/news/1783_1.jpg,""
fullnews.php?news=1783,,РЕЗУЛЬТАТИ І ЕТАПУ ХХІІІ МІЖНАРОДНОГО КОНКУРСУ ЗНАВЦІВ УКРАЇНСЬКОЇ МОВИ ІМЕНІ ПЕТРА ЯЦИКА
,images/news/1784_1.jpg,""
fullnews.php?news=1784,,"РЕЗУЛЬТАТИ І ЕТАПУ ХІІІ МІЖНАРОДНОГО МОВНО-ЛІТЕРАТУРНОГО КОНКУРСУ ІМЕНІ ТАРАСА ШЕВЧЕНКА

"
,images/news/1780_1.jpg,""
fullnews.php?news=1780,,Випускниця  ЧДБК ЗБИРАЄ 1 МІЛЬЙОН ГРИВЕНЬ ДЛЯ НАШИХ ЗАХИСНИКІВ НА ФРОНТІ
,images/news/1781_1.jpg,""
fullnews.php?news=1781,,БІЗНЕС-ГРА «ФІЛОСОФІЯ БІЗНЕСУ»
,images/news/1778_1.jpg,""
fullnews.php?news=1778,,ЧДБК №1 серед коледжів України в Світовому рейтингу університетів 2022 за науковим індексом Альпера-Догера
,images/news/1779_1.jpg,""
fullnews.php?news=1779,,ВИСЛОВЛЮЄМО СПІВЧУТТЯ
,images/news/1776_1.jpg,""
fullnews.php?news=1776,,ПРАЦЮЄ СТУДЕНТСЬКИЙ НАУКОВО-ПРАКТИЧНИЙ КЛУБ ІСТОРИЧНОГО КРАЄЗНАВСТВА
,images/news/1777_1.jpg,""
fullnews.php?news=1777,,400 ТИС ГРН – МІСЯЧНИЙ СТИПЕНДІАЛЬНИЙ ФОНД ЧДБК У ЖОВТНІ
,images/news/1775_1.jpg,""
fullnews.php?news=1775,,НАУКОВЦІ ЧДБК ПРОДОВЖУЮТЬ ДОСЛІДЖЕННЯ В УМОВАХ ПОВНОМАСШТАБНОЇ ВІЙНИ
,images/news/1774_1.jpg,""
fullnews.php?news=1774,,НАЙРОЗУМНІШИЙ ЕКОНОМІСТ-ПЕРШОКУРСНИК
,images/news/1771_1.jpg,""
fullnews.php?news=1771,,ІНТЕЛЕКТУАЛЬНА ВІКТОРИНА ДЛЯ ЕКОНОМІСТІВ
,images/news/1772_1.jpg,""
fullnews.php?news=1772,,МАЙСТЕР-КЛАС З РОЗРОБКИ ФІРМОВОГО СТИЛЮ ТА ЛОГОТИПУ БРЕНДУ
,images/news/1773_1.jpg,""
fullnews.php?news=1773,,ТРЕНІНГ З НАДАННЯ ПЕРШОЇ ДОМЕДИЧНОЇ ДОПОМОГИ
,images/news/1768_1.jpg,""
fullnews.php?news=1768,,"РОБОЧА ЗУСТРІЧ З ПАРТНЕРАМИ УНІВЕРСИТЕТУ КЛАРК, США"
,images/news/1769_1.jpg,""
fullnews.php?news=1769,,ДЕНЬ МАРКЕТОЛОГА
,images/news/1770_1.jpg,""
fullnews.php?news=1770,,ЗУСТРІЧ ІЗ ПРЕДСТАВНИКАМИ СТРАХОВОГО РИНКУ
,images/news/1767_1.jpg,""
fullnews.php?news=1767,,"ЗАСІДАННЯ ВЧЕНОЇ РАДИ 
ЧЕРКАСЬКОГО ДЕРЖАВНОГО БІЗНЕС-КОЛЕДЖУ
"
,images/news/1765_1.jpg,""
fullnews.php?news=1765,,ПІЗНАВАЛЬНА ЛЕКЦІЯ «ЛАУРЕАТИ НОБЕЛІВСЬКОЇ ПРЕМІЇ В ГАЛУЗІ ЕКОНОМІКИ»
,images/news/1766_1.jpg,""
fullnews.php?news=1766,,ВІДКРИТИЙ ЧЕМПІОНАТ З ВОЛЕЙБОЛУ ПРИСВЯЧЕНИЙ ЗСУ
,images/news/1764_1.jpg,""
fullnews.php?news=1764,,УВАГА! З 24 ЖОВТНЯ ЧДБК ПОВЕРТАЄТЬСЯ ДО ОФЛАЙН-НАВЧАННЯ!
,images/news/1763_1.jpg,""
fullnews.php?news=1763,,"ПЕРЕВЕДЕННЯ СТУДЕНТІВ НА МІСЦЯ, ЩО ФІНАНСУЮТЬСЯ ЗА РАХУНОК КОШТІВ обласного БЮДЖЕТУ"
,images/news/1761_1.jpg,""
fullnews.php?news=1761,,ВІТАЄМО ЗІ ВСТУПОМ ДО ОКСФОРДУ!
,images/news/1762_1.jpg,""
fullnews.php?news=1762,,АЛЕЯ ЄДНАННЯ УКРАЇНЦІВ
,images/news/1760_1.jpg,""
fullnews.php?news=1760,,"УВАГА! 
ЧДБК ПРОДОВЖУЄ ТИМЧАСОВЕ ДИСТАНЦІЙНЕ НАВЧАННЯ
 ДО 22 ЖОВТНЯ!
"
,images/news/1757_1.jpg,""
fullnews.php?news=1757,,ПРИВІТАННЯ ДО ДНЯ ЗАХИСНИКІВ ТА ЗАХИСНИЦЬ УКРАЇНИ
,images/news/1758_1.jpg,""
fullnews.php?news=1758,,МІЖНАРОДНЕ СПІВРОБІТНИЦТВО ЧДБК У ПРОФЕСІЙНІЙ ОСВІТІ ПРОДОВЖУЄТЬСЯ
,images/news/1759_1.jpg,""
fullnews.php?news=1759,,"ПЕРЕВЕДЕННЯ СТУДЕНТІВ НА МІСЦЯ, ЩО ФІНАНСУЮТЬСЯ ЗА РАХУНОК КОШТІВ РЕГІОНАЛЬНОГО БЮДЖЕТУ"
,images/news/1756_1.jpg,""
fullnews.php?news=1756,,ВИДАННЯ КАБІНЕТУ МІНІСТРІВ УКРАЇНИ «УРЯДОВИЙ КУР’ЄР» ПРО ЧЕРКАСЬКИЙ ДЕРЖАВНИЙ БІЗНЕС-КОЛЕДЖ
,images/news/1755_1.jpg,""
fullnews.php?news=1755,,ЗБІР КОШТІВ ДЛЯ ДОПОМОГИ СТУДЕНЦІ!
